col0,col1,col2,col3,col4
Mallikpur,19005.28,9705.23,1.44,10591.02
Komarhat,5735.744,2989.9869999999996,1.8668399999999998,4024.971
Khdar Bazar,6315.48,3341.6249999999995,0.87912,5067.844
KalikapurBarasat,6073.48,3109.206,1.3985999999999998,4969.006
Hbriharpur,12027.0,6092.342,1.7605,8283.002
Jobindapur,9772.762999999999,5031.936,2.2456099999999997,5920.2
Garia,4776.17,2414.82,1.9636499999999997,4035.0
