col0,col1,col2,col3,col4
HD 200011,5723,315.5530528381939,** DUN 236,HD 200026
20 Gem B,6760,98.0742875752941,** STF 924AB,20 Geminorum
Sigma2 Coronae Borealis,5923,243.67022321241922,Sigma Coronae Borealis AB,sig CrB B
Omicron Ophiuchi A,4849,259.5028379817061,Omicron Ophiuchi,omi Oph B
