col0,col1,col2,col3,col4
PSR B1844-04,13.973,Scutum,281.8450931787052,-1.049
PSR J1841-0524,11.045,Scutum,280.4556463563835,-23.006
PSR J1901-1740,14.833,Sagittarius,285.3250279045539,-2.941
PSR J1743-4212,15.401,Scorpius,265.7721710672174,-3.278
PSR J1744-3130,13.2,Scorpius,266.0241975887803,-2.805
PSR J1839-0905,13.034,Scutum,279.9727919986324,-4.635
PSR B1839-04,10.578,Scutum,280.6102676320132,-3.616
