col0,col1,col2,col3,col4,col5,col6
sodium-28,sodium,17,30.5,27.998939,11,218379.392
sodium-27,sodium,16,301,26.994076408,11,214837.542
sodium-21,sodium,10,22.49,20.997654702,11,163076.487
sodium-20,sodium,9,447.9,20.007354426,11,145969.92
