col0,col1,col2,col3
PKS J0341-5957,2.0698910999999995,-0.123752,-59.543060386825566
ICRF J10364715-060541,1.0512502,2.9809859999999997,-6.03382577674239
Mararian 421,0.031186,0.00707,38.476294698083954
2MASS#J05163124+7351086,0.250498,-0.301903,74.22166785704552
