col0,col1,col2,col3,col4
lead-189,-17844.035,188.980843639,mercury-185,lead
lead-188,-17815.202,187.980874592,mercury-184,lead
lead-187,-14986.959,186.983910836,mercury-183,lead
lead-186,-14682.026,185.984238196,mercury-182,lead
lead-185,-11541.22,184.987609989,mercury-181,lead
lead-184,-11051.522,183.988135702,mercury-180,lead
lead-183,-7575.218,182.991867668,mercury-179,lead
lead-182,-6825.112,181.99267294,mercury-178,lead
