col0,col1
yttrium-88m1,
yttrium-85m2,
yttrium-75,74.96584
yttrium-87,86.910876102
yttrium-101,100.930154138
yttrium-97m2,
