col0,col1,col2,col3,col4,col5
[MPB2015] 51530,J2000.0,245.93957872541569,-26.5391391315068,0.5505,physical binary candidate
[MPB2015] 63655,J2000.0,246.0225531245789,-26.4863583408552,0.6598,physical binary candidate
[MPB2015] 61056,J2000.0,246.0015676640162,-26.6027953917656,0.3294,physical binary candidate
[MPB2015] 51573,J2000.0,245.9397289551933,-26.4693855927095,0.2962,physical binary candidate
