col0,col1,col2,col3
OGLE BLG-ECL-165995,2.266,J2000.0,-29.837884635135
OGLE BLG-ECL-166256,0.2394,J2000.0,-23.33109851281584
OGLE BLG-ECL-165422,0.3518,J2000.0,-36.74341021217305
OGLE BLG-ECL-165479,1.3886,J2000.0,-34.07327206691444
OGLE BLG-ECL-166174,0.7942,J2000.0,-22.414768037585
