col0,col1,col2,col3,col4,col5
2MASS J08103470-4908399,-49.1444534310659,J2000.0,2.6187,11500,381.8689
2MASS J08101223-4913056,-49.218237607454,J2000.0,2.6328,10500,379.8238
2MASS J08094083-4923503,-49.3973220246481,J2000.0,2.5653,26300,389.818
2MASS J08101799-4923502,-49.3973161429759,J2000.0,2.5563,32000,391.1904
2MASS J08110009-4906442,-49.1122969623898,J2000.0,2.559,15500,390.7776
2MASS J08102854-4856518,-48.9477362804653,J2000.0,2.5247,23000,396.0867
2MASS J08094684-4907198,-49.1221890794558,J2000.0,2.5301,11000,395.2413
