col0,col1,col2,col3,col4,col5
KELT-4Ab,transit method,157.0625526797875,0.878,0.04321,2.9895933
Kepler-186f,transit method,298.6527234188392,1.76,0.393,129.944
109 Piscium b,doppler spectroscopy,26.23260459117542,6.21,2.131,1075.2
HIP 14810 b,doppler spectroscopy,47.80929250912333,3.9,0.0696,6.673892
