col0,col1,col2
NGC 3550,13.22,
PGC 50584,14.2,0.01886
ESO 267-27,14.82,
ESO 596-5,,0.039704
ESO 322-32,14.07,0.009863
NGC 274,11.8,0.005837
