col0,col1,col2,col3,col4
copper-54,-21410,53.977015,75,25
copper-53,-13270,52.985754,300,24
copper-64,-65424.545,63.929763857,12.701,35
copper-61,-61984.059,60.933457371,3.333,32
