col0,col1,col2,col3,col4
Gamma Cassiopeiae,5.94,295,60.71674028,J2000.0
Algol,35.14,50,40.95564667028,J2000.0
Delta Andromedae,9.19,6.5,30.86102175556,J2000.0
Polaris,7.54,13,89.26410897,J2000.0
