col0,col1,col2,col3,col4
2019 Makin federal electio,Makin,121207.07,110604.78,106811.70499999999
2019 Grey federal electjon,Grey,120796.699,111242.131,104378.02299999999
2019 Boothb federal election,Boothby,123721.062,116145.02899999998,109472.22
2019 Barkr federal election,Barker,119226.786,112563.352,106615.98499999999
