col0,col1,col2,col3,col4,col5
NGC 5334,208.2269302889974,11.6,-2.32,William Herschel,-1.1146114304907
NGC 4190,183.4340415601258,13.25,-0.461,William Herschel,36.6314976850087
NGC 3659,170.939745017051,12.2,-0.254,William Herschel,17.8185896574695
NGC 2500,120.4715555460398,11.62,-1.672,William Herschel,50.7371129345933
