col0,col1,col2,col3,col4,col5
radium-204,204.006502228,88,0,1571645.376,6056.787
radium-203,203.009298745,88,1.5,1560969.109,8661.726
radium-202,202.009742264,88,0,1552484.736,9074.861
radium-228,228.031068657,88,0,1742473.584,28940.268
