col0,col1,col2,col3,col4
[T2015] nest 102382,-30.35853,J2000.0,172.92302,interacting galaxies
[T2015] nest 202805,-29.4833,J2000.0,69.6712,interacting galaxies
[T2015] nest 101435,2.81756,J2000.0,170.38395,interacting galaxies
[T2015] nest 101626,9.4425,J2000.0,196.5838,interacting galaxies
[T2015] nest 201504,-57.0856,J2000.0,131.26057,interacting galaxies
[T2015] nest 101733,56.469,J2000.0,212.04653,interacting galaxies
[T2015] nest 202180,-24.28793,J2000.0,3.11291,interacting galaxies
[T2015] nest 202190,9.21597,J2000.0,316.56304,interacting galaxies
[T2015] nest 102288,72.70758,J2000.0,339.92469,interacting galaxies
