col0,col1,col2,col3
V* HK Boo,4773,12.1222922726853,-50.79
V* FK Psc,3900,20.24131956917,-2.17
TYC 8517-957-1,3800,-57.9266265048765,0.74
BD-19 2531,5273,-20.4259548139524,20.17
