col0,col1,col2,col3,col4
SDSS J145300.39+044940.7,54.26,4.827956410144,-0.761,0.3695
SDSS J020325.39-002841.2,45.89,-0.4781112411714,-2.556,0.1251
SDSS J081910.73+361619.8,38.99,36.2721827379798,-0.781,0.1211
SDSS J102229.22+064013.6,37.92,6.6704589947442,-2.781,0.0642
SDSS J100600.40+525354.1,45.76,52.8983799932868,-2.713,0.6111
SDSS J142054.20+044736.5,52.02,4.7934606034801,-1.511,0.1736
SDSS J131452.88+023624.0,34.04,2.6066945990263,-4.018,0.4278
SDSS J033732.75+001011.7,46.95,0.1699467646571,-2.148,0.3414
SDSS J023103.18+010820.6,36.13,1.1390699887881,-1.851,0.5283
