col0,col1,col2,col3
NGC 4762,11.2308,193.2335375,22.6
NGC 4452,11.7550566995985,187.1804100225145,15.6
NGC 4402,13.1127944,186.531525,14.79
NGC 4216,13.1494,183.97685,16.5
NGC 2613,-22.9736694,128.3451708,23.99
NGC 1448,-44.6448278,56.132979,17.22
NGC 4217,47.0917889,183.9620833,18.88
NGC 4526,7.6991389,188.5126208,15
NGC 5866,55.7633083,226.623171,48000000
