col0,col1
ESO 87-23,-66.1852417
APG 88,12.4733389
ESO 155-8,-53.0124056
