col0,col1,col2,col3,col4,col5,col6
2MASX J14183274+3639273,0.21275,1.7263,36.6576634306261,214.6364934372178,D galaxy,57120
87GB 004621.5+223639,0.26415,0.6848,22.8876324221644,12.2557171091697,D galaxy,69012
SDSS J155516.41+354324.7,0.4517,0.3205,35.7235113334717,238.8184058259154,D galaxy,106882
GAMA 320412,0.00067,0.029,1.7283572367371,218.2518197917114,D galaxy,201
