col0,col1,col2,col3,col4
HD 179069,480.0538,7400,287.2019389223246,6
TYC 3546-374-1,564.2067,7600,288.3774858944537,16
TYC 3558-2289-1,1562.7442,8100,299.9899303727992,-37.1
TYC 3558-2027-1,1468.6444,7800,299.4618897882172,38.62
TYC 3558-790-1,1274.3724,8100,299.6491582008337,3.2
TYC 3558-1324-1,911.1617,7400,300.327646412282,17.27
