col0,col1
NGC 4377,0.004573
NGC 20,0.016601
NGC 94,0.019383
Centaurus A,0.0008
