col0,col1,col2,col3,col4,col5
CD-41 8400,-41.7474552597767,J2000.0,7.2878,3160,137.2156
CD-46 9327,-47.2393737854225,J2000.0,8.3031,38000,120.4369
CPD-52 6110,-53.0828222398945,J2000.0,8.4846,17000,117.8606
CD-48 8486,-49.0348713309134,J2000.0,6.9619,31600,143.6389
Haro 4-254,-7.3525817579562,J2000.0,2.5591,6580,390.7624
Haro 4-434,-6.9710130979557,J2000.0,2.4695,6600,404.9403
Haro 4-253,-7.338456485427,J2000.0,2.5851,8100,386.8322
