col0,col1,col2,col3,col4
cerium-143,1.5,-81606.671,142.91239163,33.039
cerium-139,1.5,-86947.862,138.906657625,137.641
cerium-141,3.5,-85432.916,140.908283987,32.508
cerium-136,0,-86508.372,135.907129438,70000000000000
