col0,col1,col2,col3,col4
[SS2011b] F2-31227,J2000.0,Ursa Major,54.3242937,210.66986587
[SS2011b] F1-773,J2000.0,Ursa Major,54.372403,210.8976545
[MMF2013] F2 ch2-1-s0007,J2000.0,Ursa Major,54.3558,210.71925
[MMF2013] F2 ch2-1-s0037,J2000.0,Ursa Major,54.34571,210.70824
[SS2011b] F2-5894,J2000.0,Ursa Major,54.3472,210.76576
