col0,col1,col2,col3
osmium-191,190.960928159,-36395.185,76
osmium-190,189.958445496,-38707.771,76
osmium-189,188.958146005,-38986.745,76
osmium-188,187.955837361,-41137.233,76
osmium-187,186.95574964,-41218.945,76
