col0,col1,col2,col3,col4,col5
HD 136442,4785,230.1959200977194,5,-46.81,-260.712
HD 111395,5609,192.1960343572391,5,-8.936,-335.003
CP Boötis,6430,218.3344304115967,5,6.246,-73.096
Gliese 453,4513,179.4841931766843,5,48.605,-1080.915
HD 187123,5810,296.7421344201621,5,-16.965,-123.603
5 Leonis Minoris,6147,132.6342606216838,9,4.265,-83.836
