col0,col1,col2,col3,col4,col5,col6
2MASS J04312405+1800215,T Tauri type star,18.0059597649127,-19.57,18.678,6.8993,67.8502398629532
V* V827 Tau,T Tauri type star,18.3374220383317,-13.406,12.18,6.1432,68.0607213572964
V* LQ Lup,T Tauri type star,-44.3880695401989,-21.652,10.645,6.8179,227.1572303453071
HD 133938,T Tauri type star,-44.0144387428286,-28.696,10.54,6.088,227.1604162490433
V* AT Pyx,T Tauri type star,-33.7728575670875,-6.499,12.7,2.6776,127.1695713769396
V* V1268 Cen,T Tauri type star,-44.3644293548948,-25.945,12.952,9.0434,200.405081999332
V* V1267 Cen,T Tauri type star,-46.1938090169542,-29.431,12.7,7.8866,200.1891156621556
2MASS J02371994-0526541,T Tauri type star,-5.4483745301169,-26.273,13.33,9.4549,39.3330826807855
2MASS J13462594-7409295,T Tauri type star,-74.1582184951561,-9.522,14.245,0.5644,206.6081076054055
