col0,col1,col2,col3
V* V856 Ori,3522,-6.3405638358358,23.188185
V* LN Peg,5000,14.5635725170294,4.54
V* DR Oct,5204,-85.0758304417274,-37.25
V* EV Dra,5321,51.3477917852702,4.34
V592 Pup,6023,-34.3670126364447,27.12
V815 Her,5242,29.6911940714182,29.55
V1017 Sco,5000,-34.5390498206632,-2.39
V835 Her,4915,36.1888692758423,-29.44
DY Leo,5801,11.1064267567694,16.43
SZ Pic,5089,-43.5586998534774,9.8
FF UMa,4519,62.82784831469,-11.5
