col0,col1,col2,col3,col4
titanium-46,-44127.799,isotope of titanium,398196.746,45.952626856
titanium-47,-44937.364,isotope of titanium,407077.669,46.951757752
titanium-49,-48563.787,isotope of titanium,426846.693,48.947864627
titanium-48,-48492.709,isotope of titanium,418704.288,47.947940932
