col0,col1,col2,col3,col4
cadmium-132,indium-131,131.94604,-50263,0
cadmium-131,indium-130,130.94072,-55218.965,3.5
cadmium-130,indium-129,129.934387566,-61117.589,0
cadmium-128,indium-128,127.927812857,-67241.89,0
cadmium-127,indium-127,126.926196624,-68747.402,1.5
cadmium-126,indium-126,125.922429127,-72256.802,0
cadmium-125,indium-125,124.921257577,-73348.095,1.5
