col0,col1,col2,col3,col4
HD 17332,HD 17332A,Aries,6.8013,32.926
HD 141296,NAME HD 141296BC,Norma,6.061947,46.348137
ADS 1359,HD 10543A,Cassiopeia,6.19758,87.14425719999998
48 Cassiopeice,48 Cas A,Cassiopeia,4.53546,37.504070999999996
