col0,col1
Imeqec,6.212400000000001
Plesscerg,5.3370999999999995
umbuk,5.389200000000001
hlum,5.5775999999999994
Bukvec,9.651499999999999
Lxftschiff,9.519
