col0,col1,col2,col3,col4,col5,col6
HD 100546,9.1,Herbig Ae/Be star,J2000.0,Musca,173.35600202421753,-38.594
AB Aurigae,8.9,Herbig Ae/Be star,J2000.0,Auriga,73.9410249910073,-24.112
HD 100546,9.1,Be star,J2000.0,Musca,173.35600202421753,-38.594
AB Aurigae,8.9,young stellar object,J2000.0,Auriga,73.9410249910073,-24.112
