col0,col1
Cesvaine Parsh,185.27
Abava Prish,160.01861999999997
Pilskane Parish.,99.22107999999999
