col0,col1,col2,col3,col4,col5,col6
LINEAR 22844103,RR Lyrae variable,160.4753300627567,19.6,-1.39,2.6944529474863,-2.815
HiTS J104924-023635,RR Lyrae variable,162.3493609436555,21,-2.02,-2.6094654269101,-0.971
LINEAR 23334999,RR Lyrae variable,162.5187463175884,28.59,-1.48,-2.4831055073628,-1.334
[ZHV2014] 142,RR Lyrae variable,161.6223855525249,20.75,-1.5,0.4913108923905,-1.98
LINEAR 22818064,RR Lyrae variable,158.8672405508648,27.13,-1.68,8.7266508415863,-2.025
LINEAR 22828169,RR Lyrae variable,158.4938097831242,23.47,-2,9.2357275627415,-1.463
