col0,col1,col2,col3,col4,col5
1SWASP J070953.45+364417.3,-18.3,eclipsing binary star,107.4726566849681,-1.49,36.7381399857567
1SWASP J050128.17-041206.9,55.22,eclipsing binary star,75.3674983447829,0.398,-4.2019599353675
1SWASP J025054.80+012357.5,12.17,eclipsing binary star,42.7284184404198,-44.766,1.399218747985
TYC 1074-1811-1,-63.24,Beta Lyrae variable,304.8234732789623,-13.416,7.5078538216575
