col0,col1,col2,col3,col4,col5
IRAS 07527-3840,carbon star,4500,Puppis,-38.8040474513213,0.0828
C* 939,carbon star,4241,Puppis,-38.4709155452844,0.1883
WRAY 18-155,carbon star,3800,Antlia,-40.229901934966,0.6264
WRAY 18-138,carbon star,4500,Vela,-40.7567227880308,0.4006
IRAS 08267-4832,carbon star,4092,Vela,-48.699939230961,0.1183
