col0,col1,col2,col3,col4
2 Draconis,26 Dra A,Draco,5.24,14.096468999999999
HD 41004,HD 41004A,Pictor,8.7192,41.174991
Zeta Herculks,zet Her A,Hercules,2.8167999999999997,10.703679999999999
Eptilon#Volantis,eps Vol B,Volans,4.402397999999999,228.46461200000002
