col0,col1,col2,col3,col4,col5,col6
2MASS J15443529-3521492,T Tauri type star,-35.3637280345108,-26.537,12.296,10.7634,236.1470506936493
SZ 66,T Tauri type star,-34.7716907027281,-21.565,9.288,6.3557,234.867847906292
SZ 65,T Tauri type star,-34.7714469610822,-22.242,12.13,6.4394,234.8657155502079
RX J1541.1-3454,T Tauri type star,-34.9128544281593,-25.393,15.51,7.3599,235.2939221299575
SZ 67,T Tauri type star,-34.3601156317182,-35.552,9.121,9.0858,235.1594458815477
V* CM Cha,T Tauri type star,-76.6327262223442,-20.99,13.4,5.1519,195.556349920066
2MASS J16452615-2503169,T Tauri type star,-25.0546261443449,-23.36,11.19,6.9298,251.3589488781205
2MASS J05075496+2500156,T Tauri type star,25.0043331560775,-17.566,10.4,6.0652,76.9790233554605
2MASS J05062332+2432199,T Tauri type star,24.5388676371063,-17.103,9.459,6.6181,76.5972191554901
