col0,col1,col2,col3,col4
CD-67 219,6163.0289999999995,148.309952,8019.0,9.826289999999998
CCDM J04334-6608AB,5923.13,187.946142,7333.4,10.067922
HD 200676,5088.43,36.9957438,35819.49999999999,8.86652
GSC 08440-0578,5309.0,106.48632,59580.0,8.919910999999999
