col0,col1,col2,col3,col4,col5
[MCM2012] SA108 lens,57.1234639,0.86,Ursa Major,22.53,216.4344583
Huchra's lens,3.35825,0.0002,Pegasus,16.78,340.126375
SL2S J023307-043838,-4.6439472,0.79,Cetus,19.03,38.279375
[MCM2012] SA44 lens,-4.1930611,0.68,Cetus,22.06,36.1456667
