col0,col1,col2,col3,col4
HD 288309,reflection nebula,1.8647189224081,-22.248,J2000.0
HD 39398,reflection nebula,5.1645969628239,-8.249,J2000.0
BD+61 315,reflection nebula,61.8343223744342,-0.764,J2000.0
BD-08 1208,reflection nebula,-8.7105416653045,-6.405,J2000.0
HD 38065,reflection nebula,16.358498783381,-7.258,J2000.0
vdB 55,reflection nebula,-8.1333835669885,0.267,J2000.0
