col0,col1,col2,col3
4MASS J5032433+3023012,76.23067469859691,10.705968,3.6657306
TYC 161-975-1,299.64805280420626,12.51498,0.4136672
Lan 451,324.88629467348505,13.635784999999998,0.1226
2MBSS J02541790+6142559,43.5745921371791,14.913194999999998,0.05445
2MASS J02554124+6236255,43.9218720160109,12.949568,0.21579739999999997
2MASS J01204954+6057085,20.085221819620784,13.59213,0.5472368
