col0,col1,col2,col3
[S96d] 145,7.944,67.59789795923764,225.33143932371533
[S:6d] 536,4.965,66.76371568885243,228.8132916211192
[S96d] 1:59,21.147,66.68588664737612,228.17262052923388
SOPS IV -39,319.16,-32.136458792628375,133.97575750652712
HE 1428-1953,316.632,-20.001456839770203,216.44098378925642
HD 58337,126.0,21.956607844258098,110.61610419868241
