col0,col1,col2,col3
GES J045957574703592,16160.0,-47.44297599552,
ES J09393097-1805429.,16881.0,-18.1314405,
GES J05392955-5704413,21890.0,-47.50184214000999,
GGLupi,,-40.46191653691936,6.9953232
2MASS J23431611-1804563,51204.0,-15.142628964296442,2.1277906
Stein 251,,58.505261332352,177.65657000000002
