col0,col1,col2,col3,col4
NGC 3832,0.02301,William Herschel,100.71,175.8807542
NGC 3712,0.02356,William Herschel,101.61,172.9733417
NGC 3689,0.009136,William Herschel,45.71,172.0459074410807
NGC 3668,0.01149,William Herschel,79.07,171.3767833
IC 4450,0.03021,Stéphane Javelle,131.59,218.0513625
