col0,col1,col2,col3
HD 13043,-39.227,31.8928039757625,HD 13043B
HD 147528,-6.59,245.5294450407191,PG 1619+123
HD 164595,2.074,270.1620610825514,HD 164595 b
HD 126961,-5.71,217.1297402892753,HD 124757A
