col0,col1,col2,col3
RX J2015.6+3711,37.1897252356245,0.7092,303.9040171113382
V* V808 Aur,44.068084489903,4.6218,107.8583610894426
RX J0953.1+1458,14.9767920774114,2.224,148.2841739815991
RX J0749.1-0549,-5.8237373042469,0.8558,117.2933358009191
