col0,col1,col2,col3
Louis Quinzg,35.748,220.21999999999997,95.85499999999999
Bretage.,72.288,131.65499999999997,56.336
Ro de Rome,,204.795,74.775
