col0,col1,col2,col3,col4
neodymium-126,60,1,125.94311,200
neodymium-151,60,1,150.923839565,12.44
neodymium-144,60,1,143.910092865,2290000000000000
neodymium-147,60,-1,146.91610601,10.98
