col0,col1,col2,col3
PG 1408+098,36580,-6.153,9.5487263167869
PG 1403+019,30300,-15.509,1.7386154125303
PG 1412+299,24000,-6.666,29.6848345386819
PG 1521+357,8001,-19.895,35.5436507996579
FBS 1554+403,15000,0.295,40.1956766766371
EC 11119-2405,23430,-14.914,-24.3582076651513
CBS 427,35294,-7.608,39.654003448445
EC 11031-1348,30120,-7.835,-14.0733705434332
SDSS J111438.57-004024.3,44133,-6.174,-0.673423443543
