col0,col1,col2,col3
2MASX J10531811+5542278,-0.088,0.2089,55.7076903607189
SDSS J102942.35+360012.7,-2.633,0.1737,36.0035360033123
SDSS J102502.13+104113.1,-3.514,1.6408,10.687015151024
2MASX J09493639+6105540,1.911,0.0786,61.0983539795094
