col0,col1,col2,col3,col4,col5,col6,col7
V* RW Tri,3.1741,12.5,-17.784,nova-like stars,J2000.0,36.4006481505892,28.0974703031511
2MASS J07471676+4248492,0.0266,16.329,-0.806,nova-like stars,J2000.0,116.8199923526482,42.8136235784409
[JBN2011] 1011,0.7372,15.39,-0.837,nova-like stars,J2000.0,266.5196443090651,-31.2896109581864
BPS CS 22874-0124,1.0465,14.48,-11.43,nova-like stars,J2000.0,222.6609062054945,-24.3805563028333
EC 21178-5417,1.8612,13.7,-2.348,nova-like stars,J2000.0,320.3605587870695,-54.0762855404474
