col0,col1,col2,col3,col4
tungsten-162,0,isotope of tungsten,1283659.002,161.963500347
tungsten-160,0,isotope of tungsten,1262843.52,159.968516753
tungsten-158,0,isotope of tungsten,1240932,157.974629
tungsten-176,0,isotope of tungsten,1413299.712,175.945634
