col0,col1,col2
IC 1520,14.05,0.030131
ESO 149-17,17.2224,
ESO 266-34,16.22,
NGC 2292,10.8,0.006791
