col0,col1,col2
KC 4175.,-1.448258,
GES J09396832-0511382,,5798.574
GES J0;200398-1807202,,5877.424999999999
IM Lwpi,-12.066818,4137.708
GES J03395249-5610077,,6070.866
