col0,col1,col2,col3,col4
thallium-181,81,180.986259992,1410337.158,mercury-181
thallium-180,81,179.989923019,1398853.62,mercury-180
thallium-179,81,178.991123405,1389664.173,mercury-178
thallium-178,81,177.994857,1378076,mercury-177
