col0,col1,col2,col3,col4
SDSS J115450.00+423633.2,Ursa Major,-27.605,3.4729,178.7083759106881
SDSS J112212.66+415525.6,Ursa Major,-25.892,3.976,170.5527807586745
2MASS J11081082+3836470,Ursa Major,-30.801,3.1249,167.0450511056656
2MASS J11520835+6221292,Ursa Major,17.528,3.9178,178.0349064418368
