col0,col1,col2,col3
ICRF J211022.6.012658,0.9043,0.31974600000000003,-1.4524149908444532
MRC 0233478,1.5085119999999999,-0.024144000000000002,-47.905322224144186
PKS J2254-5927,1.9013326000000002,-0.478626,-59.374088730790156
6C 124133+40580,1.5120276,-0.83729,40.977304029543426
