col0,col1,col2,col3,col4,col5
Gcmma Cassiopeiae,28129.949999999997,-4.8096,shell star,14.120506558319999,-3.8847199999999997
Pleione,13459.561999999998,5.0949,shell star,57.468629995764196,-48.921389999999995
Beta Cais Mlnoris,10874.864,22.066,shell star,112.34661227494708,-59.96875
Kappa Canis ajoris,23907.2,13.874,eruptive variable star,102.35778694572707,-9.821
