col0,col1,col2,col3,col4
HD 123541,Hydra,212.2296541967512,-49.32,-26.3791670463162
CCDM J05157+1944AB,Taurus,78.9323958,14,19.7299139
HD 210246,Grus,332.4916993741635,24.407,-41.7767424251234
CD-49 13594,Grus,326.2893048848017,50.58,-49.41127815339389
CCDM J12045-2037AB,Corvus,181.13354875,0.115,-20.62315139
BD-21 3457,Corvus,180.63753332209376,14.59,-21.81119866953084
