col0,col1,col2
De Pere,32.327824,25410
Chippewa Falls,30.874259,14731
Oconomowoc,12.18,18203
Greenfield,29.884702,37803
Wisconsin Rapids,37.999455,18877
