col0,col1,col2,col3,col4
2MASS J03261572-2120385,X-ray binary,NGC 1332,-21.3439434691639,14.342
2XMM J122937.8+075845,X-ray binary,Messier 49,7.9793472,20.878
2XMM J123002.6+075839,X-ray binary,Messier 49,7.9774528,20.592
2MASS J12080780+6510285,X-ray binary,NGC 4125,65.174583,12.97
