col0,col1,col2,col3
HD 220140,5075,79.0035197228101,-17.11
V1232 Tau,5722,18.2568086848227,38.69
V1423 Aql,5656,15.6749651737826,-15.5
V478 Lyr,5231,30.2544934349397,-56.74
BF Psc,4919,16.0469572925547,-11.16
V1192 Ori,4367,3.2866726125094,13.42
BM Lyn,4569,47.3382352110983,-19.24
V1971 Cyg,4929,32.3141333791264,-65.13
DF Cir,6208,-68.0470199699368,40
V829 Cen,4614,-39.3854436871735,7.6
EO Psc,4829,21.7231673760823,21.83
