col0,col1,col2,col3
V* V425 Cas,-1.34,53.2874619707826,13.855
V* OR And,-2.531,49.4566275880534,14.03
V* V2069 Cyg,-2.099,42.3004539414795,13.734
VY Sculptoris,-13.648,-29.7794390629083,12.699
U Leonis,-12.995,14.0069984366949,15.536
