col0,col1,col2,col3,col4,col5,col6,col7
radon-199,-1,1.5,-1499.451,1540409.847,isotope of radon,86,198.998390273
radon-198,1,0,-1230.358,1532069.352,isotope of radon,86,197.998679156
radon-197,-1,1.5,1510.353,1521257.246,isotope of radon,86,197.00162143
radon-196,1,0,1970.991,1512725.452,isotope of radon,86,196.002115945
