col0,col1,col2,col3,col4
tin-105,49.65,2.505,104.921268423,cadmium-104
tin-112,49.5,0.0,111.56911040236899,cadmium-112
tin-107,49.65,2.5075,107.022629364651,indium-107
tin-121,49.65,1.506,121.38785194,antimony-121
