col0,col1,col2,col3,col4
OH 0.225 -0.055,J2000.0,OH/IR star,9.91,-28.772944
OH 0.395 +0.008,J2000.0,OH/IR star,12.384,-28.5948417
OH 0.036 -0.182,J2000.0,OH/IR star,10.97,-29.0003917
OH 359.8 -0.4,J2000.0,OH/IR star,9.285,-29.325188
OH 0.129 -0.020,J2000.0,OH/IR star,10.573,-28.8366056
OH 0.221 +0.168,J2000.0,OH/IR star,10.139,-28.660694
OH 359.778 +0.010,J2000.0,OH/IR star,10.424,-29.120167
OH 359.943 +0.260,J2000.0,OH/IR star,11.963,-28.8489333
OH 0.452 +0.046,J2000.0,OH/IR star,9.206,-28.5258861
