col0,col1,col2,col3
SDSS J11354.64+501200.6,304.730837,0.00012883,13.62951
SDSS J120404.04490746.4,692.1435,-0.00011,15.381072
SDSS J113819.08+495740.8,2272.8384,0.00012961,18.964555999999998
2MASS J10094008+094308,191.0328,-0.00012948,15.26046
SDSS J105800.18+320229.9,511.2851031,8.080000000000001e-05,13.817664
SDSS J113727.32+3622322,257.0553909,1.007e-05,13.30857
"2MASS""J11020678+6219443",73.427409,-3.9880000000000004e-05,13.734
2MASS J10263757+500191,580.6795,-3.9720000000000006e-05,14.289458
SDSS 095127.19+281917.1,134.8373,-0.0001111,15.137292
