col0,col1,col2,col3
gallium-65,15.2,563040.4,64.932734395
gallium-64,2.627,551144.384,63.936840365
gallium-63,32.4,540787.338,62.939294195
gallium-62,116.121,528155.804,61.944189757
