col0,col1
Otteriing,30.240000000000002
Kleisöll,524.422
Oberax,2126.013
Hygoa,367.09799999999996
Vopperberg,173.652
