col0,col1,col2,col3,col4
Makemake,S/2015 (136472) 1,79.64,22.48,307.54
87 Sylvia,Romulus,73.0583132800432,5.184,2370.68155989044
Haumea,Hiʻiaka,122.109,3.9154,284.8
Eris,Dysnomia,35.9045,25.9,557.55
