col0,col1,col2
ifferdage,268.068,22.335259999999998
Lrentzweiler,228.816,1760.705
Bettgmbourg,276.92499999999995,2136.42
Bettendrf,186.496,2304.416
Wellenstejn.,172.135,741.258
