col0,col1,col2,col3,col4
GSC 04479-00882,67.8171096298634,355.550151642391,Cepheus,1.2502
NSVS 269243,76.1358370488062,18.2430048404188,Cassiopeia,0.4297
TYC 3708-802-1,57.9897629826393,41.6919618048335,Cassiopeia,0.3879
TYC 4300-1847-1,70.4311069022076,15.6758520197919,Cassiopeia,1.5295
TYC 4005-155-1,54.6135171874018,358.3688386670223,Cassiopeia,3.2073
ROTSE1 J122809.53+353339.1,35.5609088320546,187.0397905853299,Canes Venatici,3.3032
BD-18 467,-18.1325054727047,41.2799363543596,Eridanus,3.4234
TYC 5899-819-1,-16.4965761913596,72.9839872055349,Eridanus,4.2461
