col0,col1,col2,col3
Kepler-248c,KOI-896,55200,43.58135551571111
Kepler-248b,KOI-896,39300,43.58135551571111
Kepler-117b,KOI-209,87900,48.04021815453611
Kepler-117c,KOI-209,134000,48.04021815453611
Kepler-238f,Kepler-238,28500,40.63781764929833
