col0,col1,col2,col3
SWIFT J1753.7-2544,268.416125,Sagittarius,J2000.0
[VVI2000] X2,267.218458,Sagittarius,J2000.0
XTE J1652-453,253.084708,Scorpius,J2000.0
[XXZ2005] 23,188.920792,Virgo,J2000.0
[XXZ2005] 20,188.918625,Virgo,J2000.0
[XXZ2005] 42,188.890375,Virgo,J2000.0
[XXZ2005] 40,188.910375,Virgo,J2000.0
[XXZ2005] 44,188.929958,Virgo,J2000.0
[XXZ2005] 34,188.896875,Virgo,J2000.0
[XXZ2005] 47,188.944292,Virgo,J2000.0
[XXZ2005] 35,188.900458,Virgo,J2000.0
