col0,col1,col2,col3,col4,col5,col6,col7
silver0115,-1.003,978366.65265,0.5,115.71312873454099,68.544,cadmium-115,-85237.60196199999
silver-10,0.99,939470.4118799999,0.994,108.80704961181,62.811,cadmium-110,-86582.72898
sklver-106,0.996,902108.807064,0.997,105.16531686245101,58.941,palladium-106,-86333.786319
tilver-111,-1.003,949256.079714,0.496,109.907149144656,63.36,cadmium-111,-87509.723424
