col0,col1,col2
V566 Andromedae,,-0.615905
La Supera,230.5461732,14.768217
Betelgexse,728.344,27.319679999999998
