col0,col1,col2,col3,col4,col5,col6
[YHW2016] 230.04910+01.17852,0.26662,2.4487,1.1785105944746,230.0490581801041,D galaxy,69566
GAMA 601224,0.00144,1.9476,0.3148610347015,138.9268427785821,D galaxy,431
2MASX J15221784-0050271,0.22786,4.2535,-0.8408156991344,230.5744007210458,D galaxy,60689
EVCC 1236,0.00315,0.1277,19.1773126704239,193.7022395719692,D galaxy,943
