col0,col1,col2,col3
R Cassiopeiae,J2000.0,4.8,359.60362512163954
Messier 106,J2000.0,8.41,184.7400833
MSX5C G012.2118-00.2307,J2000.0,6.888,273.28667
MMB G306.322-00.334,J2000.0,20.8643,200.3454688953494
