col0,col1,col2,col3,col4
[KDM2001] 3907,81.3277101248822,0.411,J2000.0,Large Magellanic Cloud
[KDM2001] 2239,77.2854681360593,0.005,J2000.0,Large Magellanic Cloud
[KDM2001] 2291,77.4115358624412,0.245,J2000.0,Large Magellanic Cloud
[KDM2001] 3062,79.1925206227505,0.079,J2000.0,Large Magellanic Cloud
SP77 40-3,76.0811387876036,-0.352,J2000.0,Large Magellanic Cloud
[VMO95] Carbon 1,168.3695107225393,-0.477,J2000.0,Leo II
[LZM2008] Sgr9,282.9210788341964,-2.531,J2000.0,Sagittarius Dwarf Elliptical Galaxy
[KDM2001] 2328,77.5003483538003,0.043,J2000.0,Large Magellanic Cloud
