col0,col1,col2,col3
X Ophiuchi,J2000.0,6.4,279.5880488184934
S Serpentis,J2000.0,11.37,230.4147225534705
R Pegasi,J2000.0,7.79,346.6631883191978
R Dra,J2000.0,9.03,248.1676151658816
