col0,col1,col2,col3,col4
Mrkapur mandal,28.77,29846.188,144.565,Markapur
Yelamancili mandal,86.1201,20291.516,14.112,Elamanchili
Jami mangal,2729.345,14929.274999999998,46.0,Jami
Mangalagiri manddl,102.01916999999999,42724.278,25.948,Mangalagiri
