col0,col1,col2,col3,col4
arsenic-83,selenium-83m,82.925206901,713771.199,-69669.323
arsenic-81,selenium-81m,80.92213229,700492.536,-72533.304
arsenic-79,selenium-79m,78.920948445,685452.664,-73636.049
arsenic-77,selenium-77m,76.920647564,669590.306,-73916.318
arsenic-92,selenium-92,91.96674,747684,-30981
arsenic-91,selenium-91,90.96039,745563,-36896
arsenic-90,selenium-89,89.95563,741960,-41330
arsenic-89,selenium-88,88.94976,739323,-46798
arsenic-88,selenium-87,87.94555,735152,-50720
