col0,col1,col2,col3,col4
ruthenium-109,ruthenium,1,34.5,108.913323756
ruthenium-103,ruthenium,1,39.247,102.906314833
ruthenium-110,ruthenium,1,11.6,109.914038548
ruthenium-97,ruthenium,1,2.83,96.907545779
