col0,col1,col2,col3
OGLE BLG-ECL-174683,0.3184,J2000.0,-28.22936633022888
OGLE BLG-ECL-174519,0.3827,J2000.0,-35.63595118250333
OGLE BLG-ECL-174798,0.0585,J2000.0,-35.00131075003305
OGLE BLG-ECL-175027,0.6148,J2000.0,-36.06511181730556
OGLE BLG-ECL-174803,0.4803,J2000.0,-31.96801473082889
OGLE BLG-ECL-175354,0.629,J2000.0,-33.74773589377472
OGLE BLG-ECL-166275,0.5162,J2000.0,-35.18399017333028
