col0,col1,col2,col3
2MASS J19464286+4115150,41.2541775498923,1550.628,11.034
2MASS J19071635+4448049,44.8013682732093,4416.9611,11.45
2MASS J19242600+3704281,37.0744682623019,1765.5367,10.812
2MASS J19423499+4917077,49.285468796356,1598.4655,10.434
2MASS J19093617+3906310,39.10861111657,2573.3402,10.249
2MASS J19240747+4427141,44.4539041786185,5282.6202,11.383
2MASS J19502262+4726421,47.4450460286366,2560.1639,11.114
