col0,col1,col2
Russian bttleship Rostislav,20.5551,106.8784
M Barham,27.572400000000002,194.61
HMS Queen Elizabth.,27.4068,196.75499999999997
apanese battleship Musash,38.5065,262.737
Galay class.,,643.564
"ARA""Rivadavia",29.895045,179.82976
