col0,col1,col2,col3,col4
LB 336,28.01513364604528,2038.32,Hercules,0.4906
GALEX 2671314124518986503,-43.16326138334111,260.329,Phoenix,3.8413
GALEX 2692248795847066131,-9.02456506099667,144.294,Eridanus,6.9303
GALEX 2739888448540248023,-29.75108738302583,111.073,Eridanus,9.0031
GALEX 2732851578417451098,-0.07782396382,197.344,Eridanus,5.0673
GALEX 2740310682480151114,-36.80864592306138,258.025,Columba,3.8756
GALEX 2483667162270540149,-35.94277955215055,94.369,Fornax,10.5967
GALEX 2483843084130976836,-24.82823589743389,234.94,Fornax,4.2564
