col0,col1,col2,col3,col4,col5
G 6-7,Taurus,2888,55.2014,rotating variable star,51.6873355604959
LP 245-10,Triangulum,3192,96.7195,rotating variable star,34.29174507210792
G 74-11,Triangulum,3289,32.0314,rotating variable star,33.8933883881963
G 205-35,Lyra,3060,80.0574,rotating variable star,280.405829442216
