col0,col1,col2,col3,col4,col5,col6,col7
radon-195,-1,1.5,5050.281,1501574.685,isotope of radon,86,195.005421699
radon-222,1,0,16372.206,1708178.334,isotope of radon,86,222.017576286
radon-220,1,0,10612.077,1697795.88,isotope of radon,86,220.011
radon-219,1,2.5,8829.402,1691507.163,nuclide,86,219.009478753
