col0,col1,col2,col3
ESO 52-11,10.814,0.031582,J2000.0
ESO 284-45,13.18,0.017876,J2000.0
ESO 287-10,11.098,0.075909,J2000.0
ESO 145-12,13.813,0.0408,J2000.0
ESO 74-8,13.73,0.0325,J2000.0
ESO 305-23,11.297,0.039084,J2000.0
ESO 101-24,12.003,0.040528,J2000.0
UGC 6741,15.77,0.000017,J2000.0
ESO 88-6,15.09,0.041856,J2000.0
ESO 195-10,10.904,0.025584,J2000.0
