col0,col1
Djana,
Sepi,
Gorc Fock,88.51611999999999
Hero,
Clauia,
rocyon,85.96224000000001
