col0,col1,col2,col3,col4
2MASS J18310497-0203178,277.7707391796948,10.425,-25.78,0.478
HD 294083,81.0250299648287,11.58,17.85,-0.711
2MASS J03422033+3205310,55.5847547806923,11.47,14.86605,-7.062
2MASS J03431371+3200451,55.8071724143593,11.763,12.040955,-8.643
2MASS J18085156-1818322,272.214826548673,11.34,-35.38,11.764
SSTgbs J04134457+3904357,63.4357529534013,12.6055,-16.98,-1.319
Cl* IC 348 LRL 52,56.18129250148792,10.417,15.622529,-6.434
