col0,col1,col2,col3
dysprosium-138,72,-34931,137.9625
dysprosium-164,98,-65967.965,163.929180472
dysprosium-163,97,-66381.17,162.928736879
dysprosium-162,96,-68181.478,161.926804168
