col0,col1,col2,col3
GES J0339519-5610077.,7006.999999999999,-55.6071175044,
2MAS J04503013-0837103,,-8.6958647,3.8851484
D 14432,,-27.469902831785657,6.4049145
TIC 34168953,,-65.38040247,0.588456
