col0,col1,col2,col3
photon,0.0,0.0,1.01
muon,-0.996,0.1132020678486,0.4985
neutron,-2.0120000000000002e-22,1.0167342352272,0.504
proton,1.6149940337664001e-19,1.000225531544316,0.5
