col0,col1,col2,col3,col4,col5
HD 58661,HD 58661A,5.881292999999999,29.79,5.64597,167.48835000000003
Mu Oriqnis,Mu Orionis A,16.6954,25.818,4.10935,60.495667000000005
14 Prionis,i Ori A,16.1510832,44.0,4.500704,61.9738251
HD 209339,HD 209339A,1.1859671999999999,93.53,8.5951,852.4839199999999
