col0,col1,col2,col3,col4
oeodymium-124,0.992,0.0,123.0845346,63.68
nereymium-148,0.99,0.0,146.585647001163,88.44
neodymivm-142,0.995,0.0,142.19154435279,82.82000000000001
neodypium-151,1.004,1.512,150.772915725435,91.091
