col0,col1
Daubentn's bat,28.168
outhern hairy-nosed wobat,30.169099999999997
Hippotragus equinuu,25.925899999999995
scimiwar oryx,27.582499999999996
