col0,col1,col2,col3,col4
V* V1309 Ori,Polar,-5.693,1.0779108630633,645.9114
V* LW Cam,Polar,1.773,62.0577630084828,541.5065
V* V1432 Aql,Polar,-7.978,-10.4238253762074,462.2567
RX J0649.8-0737,Polar,-5.579,-7.628023358074,611.3217
