col0,col1,col2,col3,col4
(32478) 2000 SV289,5.2197022,L5-Jupiter-Sun,11.9,277.58281
(32475) 2000 SD234,5.2136155,L5-Jupiter-Sun,10.8,286.10454
(32471) 2000 SK205,5.3077852,L5-Jupiter-Sun,12.2,164.9305
(32467) 2000 SL174,5.1970157,L5-Jupiter-Sun,11.8,192.9953
(32464) 2000 SB132,5.2283085,L5-Jupiter-Sun,11.5,256.90024
(32461) 2000 SP93,5.1499997,L5-Jupiter-Sun,11.9,146.83501
(32451) 2000 SP25,5.2285393,L5-Jupiter-Sun,11.8,64.29602
(32440) 2000 RC100,5.1434036,L5-Jupiter-Sun,11.4,354.43514
