col0,col1,col2,col3,col4
35 Sex B,4.9027,160.8355377568645,J2000.0,35 Sex A
HD 238865,17.1125,275.9934657239755,J2000.0,b Dra A
bet Lyr B,3.0065,282.5279229309322,J2000.0,GSC2642-1394
HD 208132,11.9204,327.9052011914679,J2000.0,HD 208133
bet Lyr B,3.0065,282.5279229309322,J2000.0,GSC2642-2933
HD 8956,8.3109,22.114566512659,J2000.0,HD 8949
HD 206874,12.086,326.0799300883459,J2000.0,Mu2 Cygni
HD 38A,86.8735,1.42092453186042,J2000.0,ADS 48F
HD 206874,12.086,326.0799300883459,J2000.0,Mu1 Cygni
