col0,col1,col2,col3,col4
barium-116,-54580,xenon-115,115.941406,barium
barium-127,-82817.944,caesium-127,126.911091275,barium
barium-119,-64590.086,xenon-118,118.930659686,barium
barium-117,-57457.753,caesium-117,116.938316561,barium
