col0,col1,col2,col3
HE 2340-1521a,-0.2,6555,355.817144
HE 1206-2346,0.3,6247,182.32208
HE 0113-5554b,-0.23,5917,18.8325
HE 1311-3039,0.15,6554,198.57708
