col0,col1,col2,col3
Cudahy,218.68,18281.568,12.442611156
Franklin,243.16899999999998,35344.647,89.373185515
Watertown,259.48,24004.166,32.099691576
Cedarburg,237.327,11400.588,12.6180003
