col0,col1,col2,col3,col4,col5
[PSM2011] 237,1.2008,-0.185,young stellar object candidate,80.8209507734129,33.5354192203169
2MASS J05224550+3323350,0.2614,-1.533,young stellar object candidate,80.6895509580165,33.393052590541
2MASS J05225966+3326201,0.0213,-1.874,young stellar object candidate,80.7485762410369,33.4390018546002
2MASS J05224826+3324007,0.2882,-2.114,young stellar object candidate,80.7012689874782,33.4002213718021
[PSM2011] 250,1.2899,-1.721,young stellar object candidate,80.8023448075152,33.513298129863
[PSM2011] 248,0.634,-1.018,young stellar object candidate,80.5625684413584,33.4688070679231
