col0,col1,col2,col3
Jaurain,0.0,3.1425199999999998,469.18499999999995
Forstenriedet Park,0.0,36.968759999999996,605.394
Rhenau,0.0,10.01952,154.0
Eck im Landkreis Berchtgsgadener Land,0.0,12.562199999999999,1416.737
Burgwalmbacher Forst,0.0,16.056810000000002,435.564
