col0,col1,col2,col3
2MASX J1600015+2746579,27.7827385782431,-0.56392,102.5944
2MASX J0925186-3405567,-34.06487252401559,-4.621374,14.75
NGC 4719,33.05966990393588,0.36542399999999997,104.5956
NGC 3928,48.244984223226645,-1.1376599999999997,16.9
