col0,col1,col2,col3
Kepler-223 c,Kepler-223,31100,47.27953001694667
Kepler-223b,Kepler-223,25800,47.27953001694667
Kepler-395c,KOI-2650,21300,45.1365949903625
Kepler-379c,KOI-2289,28700,38.94583437475944
Kepler-379b,KOI-2289,18600,38.94583437475944
Kepler-87b,KOI-1574,142000,46.96511861730222
Kepler-445b,Kepler-445,7350,46.49855452903166
