col0,col1,col2,col3,col4,col5,col6,col7
HD 164514,-1.754,-22.9055431881431,J2000.0,infrared source,270.6320650656127,-1.1,0.726
HD 14433,-0.908,57.2429153351274,J2000.0,infrared source,35.4809802307362,-47.3,0.3525
HD 40589,-2.49,27.5723627761521,J2000.0,infrared source,90.2518889639363,10.8,0.3476
DS Crucis,-4.718,-60.3297872096459,J2000.0,infrared source,192.8249009495508,-21.9,0.3041
9 Persei,-1.798,55.8456532695542,J2000.0,infrared source,35.5893117395513,-14.3,0.7603
