col0,col1,col2,col3
gadolinium-162,1321763.67,161.930992146,-64280.401
gadolinium-160,1309282.24,159.927061537,-67941.741
gadolinium-153,1257723.954,152.921757359,-72882.551
gadolinium-163,1326868.411,162.934176832,-61313.886
