col0,col1,col2,col3,col4
SK -68 71,80.2651539715858,0.0705,298.9,Dorado
HD 269541,81.645352611736,0.28,276,Dorado
HD 269566,81.9435477384429,0.68,319.34,Dorado
HD 269662,82.7144814972754,0.0318,262.749,Dorado
