col0,col1,col2,col3
ackyn,184.040327,7.4592,21188.416
Eeachy Head,193.19299999999998,,23188.53
Sarai,78.4063,5.0786999999999995,2923.45
MV Princess Vidtoria,,3.5170199999999996,2715.552
Fery Azalea,193.245,,20369.014
