col0,col1
[RSG99b] 01494-1845 N,
ESO 236-48,-50.65917
MCG+05-21-013,29.1817222
ESO 307-25,-37.6767972
VV 774,27.317
ZW II 96,17.1290556
