col0,col1,col2,col3
HD 83060,1795.0099,143.4266356527401,-7.065
BD+62 2346,1189.6265,0.3528934968748,-3.83
HD 55014,626.4094,107.6921725237697,-5.669
HD 167375,1547.9876,273.9384638616318,-2.735
IPHAS J003421.40+601218.1,3173.5957,8.5891456024049,-1.955
IPHAS J031140.70+542535.8,3272.2513,47.9195428081798,-1.123
IPHAS J020056.02+575529.3,4.82,30.2334144973679,-0.344
IPHAS J010150.19+603917.9,4009.6231,15.4590823802079,-1.413
