col0,col1,col2,col3,col4
[CHP2004] J10751.1+23549,-0.99699,Leo,19.576062,12.47103321218776
V* V934 Ceo,-39.385085,Centaurus,7.873549999999999,-33.71239427644584
4U 1246-8,-7.8077999999999985,Crux,19.1799,-59.14649851109999
4U 0:19-54,-5.52618,Vela,20.937,-55.26201458241533
