col0,col1,col2,col3,col4,col5,col6
KOI-1964,rotating variable star,0.049,29440,Lyra,11.008,290.7036994870558
Kepler-105,rotating variable star,-0.087,25230,Lyra,-22.206,287.88729767229006
KOI-119,rotating variable star,0.374,7260,Cygnus,-1.534,294.5593605735937
KOI-141,rotating variable star,0.314,26240,Cygnus,-16.1,288.0382921
KOI-650,rotating variable star,0.046,33600,Lyra,-31.935,290.39621306627123
