col0,col1
ove,1590.0529999999999
Bres,85.68
Las Puente,61.30499999999999
La Plaz,639.077
arev,202.40699999999998
