col0,col1
WISEPC J095259.29195507.3,147.061095424
LR 38,
[PV96] Cl 1613+3104 370,
KC 772,182.7133315583914
IC 3023,183.63995777863582
IC4017,193.11570333
