col0,col1,col2,col3,col4
[LBC2011] 52,22.0311556,J2000.0,interstellar medium,121
[LBC2011] 48,22.036525,J2000.0,interstellar medium,251
[LBC2011] 54,22.0070806,J2000.0,interstellar medium,774
[LBC2011] 17,21.9907417,J2000.0,interstellar medium,-368
[LBC2011] 26,22.0170028,J2000.0,interstellar medium,269
[LBC2011] 40,22.0375333,J2000.0,interstellar medium,188
