col0,col1
Vlea Caslor,94.752
Valea Caselqr,111.0
durl,106.424
Jimblia,10818.807999999999
Vaea Mare,269.40299999999996
