col0,col1,col2,col3
GES J11395170-104590,9318.6,-10.01247417108,
 2005,,-27.3031331484,131.5062
GS J03595578-5557439,12650.4,-55.90623224556,
