col0,col1,col2,col3
Appen}ell,781.112,16.96116,5778.749999999999
Zug,613.444,21.56511,30267.122
Cellinzona,229.31,164.46512,43565.76
