col0,col1,col2,col3
V* DO Leo,-3.396,15.1926942347404,15.195
V* V4019 Sgr,-6.772,-25.6686861104842,11.421
V* GR Sgr,-1.397,-25.5798106489769,7.5
V* V522 Sgr,-4.721,-25.3727739653135,14.596
