col0,col1,col2,col3,col4,col5
2MASSW J1411175+393636,39.6101097036072,28.678,-926.08,13.239,J2000.0
USNO-B1.0 0560-00310109,-33.9656927094842,24.0752,44.931,12.865,J2000.0
2MASS J14044167+0235501,2.5972869914899,59.5,-266.295,14.48,J2000.0
2MASSI J1404449+463429,46.5749678485507,39.8483,-244.611,13.057,J2000.0
2MASS J14044948-3159330,-31.9925167,15,-16.3,14.538,J2000.0
