col0,col1,col2,col3,col4
V* RZ Ori,9000,RR Lyrae variables w asymmetric light curves,27.703701,-5.1987439514067
V* V1481 Ori,8800,Orion variable,-18.591412,-5.484275248899
V* KQ Ori,8730,Orion variable,28.822908,-5.3979012
V* AS Ori,6210,Orion variable,29.141504,-4.7887351833885
V* V366 Ori,39600,Orion variable,28.085676,-5.4368793634495
V* V422 Ori,6400,Orion variable,27.475693,-5.0837977732626
V* V478 Ori,9160,Orion variable,25.587542,-5.4906621112019
V* V376 Ori,295,Orion variable,-6.82,-5.0979070755398
