col0,col1,col2,col3
tantalum-164,14.2,1,163.953534
tantalum-161,3.08,1,160.958369031
tantalum-159,0.83,1,158.963028052
tantalum-158,55,-1,157.966541
