col0,col1,col2,col3
KS 1545-321,-0.360436,1.1391544999999998,30833.544
NVSS J11505+434404,-0.740028,0.14037760000000002,7274.092
FIRST J142834.0+34203,-1.693425,0.446803,242096.918
NVSS J092125035144,-1.3975639999999998,0.38214299999999995,24337.969
