col0,col1,col2,col3
Jiuzhou Pot Channel Bridge,210.42,5.0,686.07
Ponte Morandj,45.27,11.098999999999998,1102.0
Pelješac Bride,54.945,10.069999999999999,2418.424
Inheon Bridge,74.666,5.02,12387.5
