col0,col1,col2,col3,col4
HD 4391,66.6937,5,-47.5519851407043,J2000.0
36 Ophiuchi,168.54,5.12,-26.60282142083,J2000.0
52 Arietis,6.05,159,25.255173792,J2000.0
Gamma Ceti,40.97,186,3.235816376,J2000.0
