col0,col1,col2
PGC 65844,14.13,0.029954
NGC 7757,12.4,0.009857
ESO 157-51,17.09,
