col0,col1,col2,col3,col4,col5
V* V1791 Sgr,Orion variable,271.1226938766121,-0.04,-2.132,NGC 6530
V* V1768 Sgr,Orion variable,271.0381309428121,-0.12,-1.688,NGC 6530
V* V1784 Sgr,Orion variable,271.102516568393,-0.04,-2.15,NGC 6530
V* V1779 Sgr,Orion variable,271.0744973835867,-0.14,-2.302,NGC 6530
