col0,col1,col2
Azlal,1360.4569999999999,38250.36
Tata,676.7,18666.833
asba Tadla,467.167,46869.57
Oued Ze,752.4,95171.733
Lowlad,761.2769999999999,5996.43
L Güera,2.008,0.0
