col0,col1,col2,col3,col4,col5
SN 2006oy,0.201,313.492917,J2000.0,-0.360056,Aquarius
SN 2006op,0.0341,320.38275,J2000.0,0.993306,Aquarius
SN 2006oo,0.28,329.946,J2000.0,-0.733583,Aquarius
SN 2006on,0.0719,328.99375,J2000.0,-1.070278,Aquarius
SN 2006oa,0.0626,320.929,J2000.0,-0.8430611,Aquarius
SN 2006nu,0.197,340.829167,J2000.0,0.262917,Aquarius
