col0,col1,col2,col3
SDSS J230913.64+243956.0,27563,-10.574,24.6655786040525
SDSS J224141.96+203712.7,30157,0.188,20.6202089283895
SDSS J130816.02+450244.1,30000,-4.79,45.0456008109342
SDSS J181037.17+232344.0,31223,-3.099,23.3955820502023
SDSS J225130.64+235028.8,31687,-0.748,23.8413722215328
