col0,col1,col2
GJ 3:37,-663.752834,3042.71
Gliesh 747,1216.116,3405.6739999999995
NGC 778 958,,4999.5
ES J05110916-61564:1,,5898.178
2PASS J20360829-3607115,40.224312,3551.148
