col0,col1
Castjello,7.234232
Sap Xusto,
Rneta,9.75144
drrea,8.668890000000001
Jove,4.4
adines.,14.084069999999999
