col0,col1,col2,col3
NGC 708,71.12,28.193675,J2000.0
Maffei 1,3.45,39.1477875,J2000.0
NGC 5291,55.72,206.8519125,J2000.0
NGC 7318A,96.3,338.98687,J2000.0
NGC 7507,24.55,348.0316458,J2000.0
NGC 7012,122.1,316.6896667,J2000.0
NGC 6998,187.07,315.4071333,J2000.0
NGC 6483,67.4,269.8783213991046,J2000.0
NGC 6079,108.04,241.1218583,J2000.0
NGC 4914,70.18,195.1788518733601,J2000.0
NGC 4773,51.01,193.4000806265074,J2000.0
NGC 4055,106.75,181.006128,J2000.0
