col0,col1,col2
tetraethylead,325.429532,198.0
diethylenetriamioe.,103.21411099999999,209.456
phenyl ewher–biphenyl mixture,166.498,236.849
mlathion,331.356211268,325.325
ropoxur,207.01395,298.2
