col0,col1,col2,col3,col4
SDSS J113035.55+600310.8,low-mass star,60.0529844904543,J2000.0,Ursa Major
SDSS J105402.86+415432.9,low-mass star,41.9091154010398,J2000.0,Ursa Major
SDSS J120332.55+414553.4,low-mass star,41.7648056965877,J2000.0,Ursa Major
SDSS J095308.02+604943.4,low-mass star,60.8287333,J2000.0,Ursa Major
SDSS J120849.04+372149.0,low-mass star,37.3636436248973,J2000.0,Canes Venatici
2MASS J11512832+6256181,low-mass star,62.9383895365349,J2000.0,Ursa Major
SDSS J095639.77+575537.6,low-mass star,57.9270832003638,J2000.0,Ursa Major
2MASS J11154585+3959456,low-mass star,39.9959746454399,J2000.0,Ursa Major
SDSS J111358.59+081322.0,low-mass star,8.2227897901302,J2000.0,Leo
