col0,col1,col2,col3,col4,col5
SN 2011co,J2000.0,supernova,2983,NGC 2815,139.090208
SN 2011ae,J2000.0,supernova,1793,MCG-03-30-019,178.70521
Gaia 17cch,J2000.0,transient astronomical event,5348,ESO 317-32,157.009083
Gaia 17cqf,J2000.0,transient astronomical event,2901,2MASX J11233086+6322018,170.877125
