col0,col1,col2,col3,col4
[SS2011b] F1-17661,J2000.0,Ursa Major,54.36676572,210.93313328
[MMF2013] F2 ch2-1-s0022,J2000.0,Ursa Major,54.34664,210.72243
[SS2011b] F2-37427,J2000.0,Ursa Major,54.36485099,210.70380052
[SS2011b] F1-17170,J2000.0,Ursa Major,54.35192281,210.9172732
[SS2011b] F1-25356,J2000.0,Ursa Major,54.3520086,210.91023026
