col0,col1,col2,col3
NGC 625,395,23.7693,Sculptor Group
NGC 6872,4703,304.2350121879612,NGC 6872 and IC 4970
Dwingeloo 1,112,44.2151566511154,IC 342/Maffei Group
NGC 5806,1358,225.0018,NGC 5846
