col0,col1,col2,col3,col4,col5
A0620-00,-0.3456359524862,-5.204,astronomical radio source,Monoceros,95.6855917981057
Eta Carinae,-59.68443085,-11,astronomical radio source,Carina,161.2647729375
U Orionis,20.1751917707963,-10.854,astrophysical maser,Orion,88.9548708001836
V838 Monocerotis,-3.8473993054209,-0.536,cataclysmic variable star,Monoceros,106.020092890327
A0620-00,-0.3456359524862,-5.204,high mass X-ray binary,Monoceros,95.6855917981057
U Orionis,20.1751917707963,-10.854,Mira variable,Orion,88.9548708001836
A0620-00,-0.3456359524862,-5.204,binary star,Monoceros,95.6855917981057
Eta Carinae,-59.68443085,-11,binary star,Carina,161.2647729375
U Orionis,20.1751917707963,-10.854,nova,Orion,88.9548708001836
