col0,col1,col2,col3,col4
BSD 19-1250,351.6647103614926,0.6174,39,Cassiopeia
Bol D119,11.197680743907,0.1501,-197.9,Andromeda
HD 270086,86.3192379716055,0.12,275.19,Dorado
HD 269982,85.240877070147,0.24,236.8,Dorado
