col0,col1
ESO 154-2,-52.5057333
ESO 111-11,-59.62306
ESO 12-19,-78.2145772463621
ESO 267-41,-43.3346472
ESO 235-4,-50.1318028
