col0,col1,col2,col3,col4,col5
radium-234,234.050382104,88,0,1772911.062,46930.629
radium-232,232.04347527,88,0,1763202.088,40496.953
radium-231,231.041027086,88,2.5,1757411.271,38216.486
radium-230,230.03705478,88,0,1753040.22,34516.306
radium-229,229.034956707,88,2.5,1746923.065,32561.963
radium-227,227.029176474,88,1.5,1736164.781,27177.711
