col0,col1
Pilskanne Parish,125.75808
Sala Paris,193.90311
Saa Parish,76.32624999999999
