col0,col1
Hwrricane Felix,149.4
Hurricane Michel,155.46499999999997
Hurrcane John,279.46680000000003
