col0,col1
UGC 753,193.73525282
VIRTUAL PARENT SIP 18,
[PV96] Cl 1613+3114 6,
2MASS 12355084+2623430,189.33981834377744
