col0,col1
Konarnik.,
Baranie sedmo,2381.035
Sedielo,2388.2819999999997
Cll Roig,
Prihyba,1648.35
Javoriqa,973.7689999999999
