col0,col1,col2,col3
Atlantic#Conveyor,294.628,11.605080000000001,58438.0
Rxngholt,68.1792,1.9756799999999999,2281.608
Jqlly Blue,184.64445999999998,,20444.714999999997
