col0,col1,col2,col3
V* BD Oph,6059,-6.7077283453904,1.003
V* DF Pav,3000,-65.5927031689557,0.0734
V* V1133 Cyg,3088,42.9206509982245,0.4522
V* V586 Cen,3200,-38.030759262356,1.0581
