col0,col1,col2,col3,col4
TYC 3148-665-1,456.8713,7800,297.2057618313583,3.9
TYC 3148-893-1,951.3843,7000,295.0513255189961,-22.3
TYC 3147-1866-1,1035.6255,7600,294.9327662928822,-7.4
TYC 3138-994-1,350.3609,6500,291.0827722902106,-15.6
TYC 3142-175-1,861.9204,9100,290.1331735899557,-22.6
TYC 3142-25-1,1049.8688,6900,292.205431740156,14.6
TYC 3138-841-1,617.9706,7800,292.0977747075114,17.1
HD 174966,129.4381,12300,283.2826163737881,5.6
BD+45 2840,1046.0251,8000,287.1291532920607,-0.8
