col0,col1,col2,col3,col4,col5
SDSS J161543.69+064244.7,85410,0.588,243.9320794738804,J2000.0,[SPD2011] 21835
2MASS J15533093+2009389,100639,0.8694,238.379173720173,J2000.0,[SPD2011] 61684
2XMM J101700.6+390432,0.21039,0.0098,154.2529819892061,J2000.0,ACO 963
SDSS J104445.03+151901.6,199678,0.2312,161.1876535213936,J2000.0,Huge-LQG
2XMM J021757.2-050216,187885,0.5977,34.4884856037371,J2000.0,[VCB2006] 11B
