col0,col1,col2,col3
V856 Scorpii,Upper Centaurus-Lupus,Scorpius,242.14286191307457
HD 32040,ADS 3597 AB,Orion,75.1413979477751
37 Ceti A,37 Ceti,Cetus,18.6001718872637
[NBP2012] 1882,NGC 6397,Ara,265.2932458
