col0,col1,col2
2MASX J02023879-0922128,14.389,
NGC 7236,14.3,0.02617
ESO 161-6,,0.0455
ESO 47-15,15.88,
ESO 268-30,15.44,0.020548
ESO 194-5,17.22,
