col0,col1,col2,col3
[JBC2011] 24,,71.4625,-59.239667
[TW2004] Source 7,,202.425875,47.246639
OGLE LMC130.4 19472,2.071,75.1918945721836,-70.7433484468738
