col0,col1,col2,col3,col4
2MASS J10173503+3253552,Leo Minor,-52.618,7.1957,154.3959343838752
SDSS J095823.03+365008.8,Leo Minor,-35.697,4.0668,149.5959827019539
2MASS J10484292+3552226,Leo Minor,-8.364,1.9636,162.1788320336552
SDSS J102746.31+354822.2,Leo Minor,-25.233,3.6053,156.9429260530428
SDSS J101905.12+314419.6,Leo Minor,-184.632,8.1666,154.7713258793341
SDSS J101342.36+350702.9,Leo Minor,31.721,5.0825,153.4264675773485
SDSS J104040.84+370355.2,Leo Minor,-54.229,4.2895,160.1701647678635
