col0,col1,col2,col3,col4,col5,col6
NGC 5290,J2000.0,[T2015] nest 100039,-2.429,206.3298434278867,2567,34.51
NGC 4903,J2000.0,[CHM2007] LDC 935,-0.064,195.3448976066813,4970,71.86
NGC 5290,J2000.0,[CHM2007] HDC 820,-2.429,206.3298434278867,2567,34.51
2MASX J07032428-6015221,J2000.0,[CHM2007] LDC 489,0.175,105.8510503847284,9294,130.98
