col0,col1,col2,col3,col4
lead-181,-3117.35,180.996653386,mercury-177,lead
lead-180,-1941.38,179.997915842,mercury-176,lead
lead-179,2050.639,179.002201452,mercury-175,lead
lead-178,3574.294,178.003837163,mercury-174,lead
