col0,col1,col2,col3
S Cep,531.0392,323.8034333770291,J2000.0
WISE J122558.86-101345.0,17,186.495865,J2000.0
Trumpler 10,417,131.975,J2000.0
WISE J151721.13+052929.3,22,229.338,J2000.0
WISE J013525.64+171503.4,24,23.856833,J2000.0
