col0,col1,col2,col3,col4
ruhenium-102,43.78,ruthenium,-89997.50137000001,0.0
ruhenium-99,43.56,ruthenium,-87274.87947599999,2.5174999999999996
ruthenum-103,43.56,ruthenium,-87878.041197,1.4849999999999999
ruthenum-104,44.088,ruthenium,-88976.6671,0.0
ruthenum-110,44.30799999999999,ruthenium,-80072.576,0.0
ruthenium-10,44.352000000000004,ruthenium,-88335.11511,0.0
