col0,col1,col2,col3,col4
HD 228766,304.3737681243031,2198.7687,Cygnus,9.14
HD 193928,305.382204288649,2052.9665,Cygnus,9.78
[D75b] Em* 20-098,307.0606483886429,1878.287,Cygnus,7.191
MR 63,252.8083590869634,404.1057,Scorpius,12.16
