col0,col1,col2,col3,col4,col5,col6
IVS B0412-779,0.913,253295,Mensa,-77.8453649454462,19.2481,2.4489
OHIO M -052,-0.141,179105,Crater,-9.0898330245673,18.8852,0.992
PKS J2254-5925,-0.482,236799,Tucana,-59.4335222530432,19.1707,1.9186
ICRF J103647.5-060541,3.002,184561,Sextans,-6.094773511861,20.7542,1.0502
