col0,col1,col2
Sidi Kaem.,192.254,76201.704
rrchidia,1018.0809999999999,92004.504
Ben!Sljmane,233.466,57614.90899999999
Tafaout.,1002.96,6402.105
