col0,col1,col2,col3
2MASS J09400257+2749420,27.8283344451351,145.0107345667603,0.00017
V* GY Cet,-9.0228679246364,22.8849622203746,0
V* GZ Cet,-9.2096442202582,24.2544565893294,0.00091
SDSS J143317.78+101122.8,10.1898582701794,218.3241152131813,-0.0013
V* CY UMa,49.6883884799161,164.2374870767735,0.00066
V* EZ Lyn,51.0637132322371,121.1425797923268,0.00013
V* SW UMa,53.4772156537064,129.1781228552232,0.00097
V* BZ UMa,57.811276464377,133.4340558548589,0.00108
V* MR UMa,43.3773549715713,172.84332581195,0.00059
