col0,col1,col2,col3
Gliese 784,6.1606,303.4724849597812,J2000.0
Gliese 693,5.8872,266.6426397888602,J2000.0
U Pegasi,137.5592,359.4936531446823,J2000.0
UGC 14,92.04,0.8958458,J2000.0
RS Sgr,405.0879,274.401020265878,J2000.0
OO Peg,241.0219,325.4070793692164,J2000.0
