col0,col1,col2,col3,col4,col5
[RZ2004] GCl 4301,-1.502,J2000.0,189.8658506089393,20.73,-6.979
[RZ2004] GCl 2503,-1.033,J2000.0,190.0300296365433,20.28,-0.657
[SLS2006] 17,-1.33,J2000.0,190.0001029420539,19.64,-3.549
[RZ2004] GCl 2024,-0.269,J2000.0,190.0645268598271,20.05,-8.131
