col0,col1,col2,col3
Al Kawldh,410.66299999999995,339.352,435.456
l Quway,1898.756,814.432,818.496
Al Qafoah,1250.7409999999998,4781.236,4347.756
