col0,col1,col2,col3
Platine.,194.423,,25567.407
Westeuland,58.516799999999996,2.5174999999999996,
Finnmakd.,220.314,,46106.692
Akae,84.745,,5531.463
Gute,139.39349999999996,4.338699999999999,7616.0
