col0,col1,col2,col3
Palmers#Island.,230.22999999999996,227.316,1.986
ltchells Island,209.734,254.745,4.012
Formntera,5746.0,6422.284999999999,119.0
hannel Islaqd,5.994,0.0,15.044999999999998
