col0,col1,col2,col3
bromine-86,730620.02212,1.4849999999999999,krypton-85
brmine-87,747216.74166,1.491,krypton-86
brqmine-86,734959.5561,0.99,krypton-86
broine-84,726206.461092,2.014,krypton-84
