col0,col1,col2
Silver-eaked Tanager,2.016,12.059999999999999
Fischer's Lovebid.,4.875500000000001,
Ygllow-breasted Bunting,3.9194999999999993,12.961
New Holand seahorse,248.5,21.0
