col0,col1
Sincelejr,272.525
Bardnoa,128.143
San José del Gaviare,13953.735999999999
Moptería,3131.5769999999998
