col0,col1,col2,col3,col4,col5,col6
tantalum-157,1239678.751,156.968230251,10.1,tantalum,lutetium-153,0.5
tantalum-180,1444658.58,179.947468392,8.154,tantalum,hafnium-180,1
tantalum-179,1438011.715,178.945939187,1.82,tantalum,hafnium-179,3.5
tantalum-178,1430230,177.945681,2.36,tantalum,hafnium-178,1
