col0,col1,col2,col3,col4
2MASS J18473833-0206389,281.9097083,2.33,Aquila,10.565
[MJ98] B14,23.4457758241464,979.9118,Triangulum,13.47
[MJ98] C21,23.4090679206473,1357.5889,Triangulum,14.02
HD 115473,199.6166408584761,1839.9264,Centaurus,9
