col0,col1,col2,col3,col4
SDSS J093546.89+513744.1,52.9,51.6289177118683,-0.85,0.1014
SDSS J100816.47+072121.7,42.25,7.3560680310822,-3.9,1.2563
SDSS J160208.58+321530.1,38.31,32.2583757174087,-1.2,0.144
SDSS J085916.06+053634.6,43.04,5.6096490997631,-2.428,0.4095
