col0,col1,col2,col3
Buchhol|,0.0,41.114549999999994,35.0
Gutsezirk Münsingen.,0.0,64.69462999999999,813.24
Osterheid,1974.7269999999999,177.45603,62.124
