col0,col1,col2,col3,col4
UGC 4162,62.78,16.5473333,0.01455,Cancer
2MFGC 10839,106.55,11.6084789257378,0.0244,Virgo
MCG+07-34-007,137.15,43.4646360574623,0.032,Hercules
UGC 10236,167.49,22.6502078961856,0.03318,Hercules
UGC 10320,127.06,21.0663806,0.0317,Hercules
2MASX J16134601+2255079,137.92,22.919008402084,0.03192,Hercules
2MASX J08462021+4709233,120.68,47.1564833,0.028443,Ursa Major
