col0,col1
VIRTUAL PARENT SIP 48.,
LEDA 1451816,169.40207625
NEDA 1370252,173.090899288
