col0,col1,col2,col3,col4
V* GG Leo,Polar,-32.058,9.0783298050819,263.7061
V* QQ Vul,Polar,-14.849,22.66634426977917,317.289
2MASS J03541032-1652499,Polar,-101.536,-16.880565349685,322.8202
V* WX LMi,Polar,-41.526,38.7507374368907,98.5455
V* EQ Cet,Polar,-35.101,-23.6622114272914,284.8435
V* CD Ind,Polar,-23.321,-58.681683576607,244.0691
