col0,col1,col2,col3
Hohenzolern.,91.0126,10.339279999999999,
Pjrna,54.269999999999996,4.74419,
Stadt Lxzern,63.0555,,1195.2
Anehs,33.762,9.475200000000001,401.99999999999994
Guillaume Tgll,74.925,15.15,200.59999999999997
kibladner,50.803,5.065149999999999,230.0
