col0,col1,col2,col3,col4,col5
[LML2012] 90302,horizontal branch star,NGC 6397,-2.13,-53.673779,9759
[LML2012] 72734,horizontal branch star,NGC 6397,-2.09,-53.6692969452341,9782
[LML2012] 1100029,horizontal branch star,NGC 6397,-1.91,-53.684978,10501
[LML2012] 73084,horizontal branch star,NGC 6397,-2.14,-53.6667389,8533
[LML2012] 74430,horizontal branch star,NGC 6397,-2.2,-53.6562798632282,8151
