col0,col1,col2,col3,col4,col5
KIC 5024043,13500000,-0.136,5.5,NGC 6819,40.1077988735493
KIC 5200152,15100000,0.106,8.3,NGC 6819,40.3623533847825
KIC 4937056,15200000,-0.14,7.27,NGC 6819,40.0974687366127
KIC 5111949,15000000,0.15,6.9,NGC 6819,40.219698837432
