col0,col1,col2,col3
thorium-222,90,222.0184683,17203.111
thorium-221,90,221.018186236,16940.371
thorium-220,90,220.015747926,14669.1
thorium-219,90,219.015535677,14471.39
thorium-218,90,218.013276242,12366.741
thorium-217,90,217.013103444,12205.78
thorium-216,90,216.011055714,10298.332
thorium-215,90,215.011724805,10921.586
thorium-214,90,214.011481431,10694.885
thorium-213,90,213.013011447,12120.086
