col0,col1,col2,col3,col4,col5
KOI-122,5653,1980000,0.9,Lyra,284.4824522330321
KOI-2720,5845,2060000,2.6,Cygnus,295.4396579403884
TYC 3143-53-1,6282,2180000,6.7,Cygnus,293.7655730938625
KOI-107,5919,2210000,3.9,Cygnus,294.8351516874079
