col0,col1,col2,col3
NVSS J124601.514826,0.9471499999999999,1.3983,58081.86
NVSS J12347+463546,0.32235400000000003,0.799594,24031.048
3C 183,-37.141836,2.9974125,251532.02
IC 4444,-10.371791,1.0910468,1950.168
