col0,col1,col2,col3,col4
arsenic-74,selenium-74,73.923928598,642320.074,-70860.054
arsenic-67,germanium-67,66.939251111,571548.056,-56587.225
arsenic-70,germanium-70,69.930926151,603516.62,-64341.876
arsenic-76,selenium-76,75.92239201,659894.016,-72291.377
