col0,col1,col2,col3,col4
GALEX 2700059713565888518,-6.39214371443306,12000,238.237,4.1975
GALEX 2433740538276490370,-4.54578447609083,10000,174.374,5.7348
GALEX 2732886758494568925,-3.48237679136278,11000,218.694,4.5726
GALEX 2683769349288756158,48.081643373335,11000,239.975,4.1671
