col0,col1
Centaurus A,201.365062879333
NGC 2812,139.4199457162425
NGC 94,5.5563890853421
