col0,col1,col2
ESO 307-25,14.76,
ESO 149-28,15.26,
ESO 189-4,16.31,
ESO 237-34,17.4514,
NGC 5237,12.67,0.001244
IC 4689,10.859,0.016508
