col0,col1,col2,col3
d Day,121.268,5071.204,4693.996
l Khays,1184.245,982.017,917.1809999999999
sh Sarf,1893.651,1596.2379999999998,2221.632
Ash Shaf,2386.0099999999998,4507.79,5378.25
