col0,col1,col2,col3,col4
PSR J1806-1618,10.793,Sagittarius,271.6077721211293,-6.249
PSR J1335-3642,11.1,Centaurus,203.9380756544564,-25.863
PSR B1627-47,8.862,Norma,247.6567761318203,-12.274
PSR J1425-6210,13.768,Centaurus,216.2821058094175,-4.317
