col0,col1,col2
zirconium-85,40,84.921443198
zirconium-85m,40,
zirconium-87m,40,
zirconium-88,40,87.910220709
zirconium-84,40,83.923325662
