col0,col1,col2,col3,col4
scandium-48,47.952223157,21,415497.792,43.67
scandium-44,43.959402867,21,376524.676,3.97
scandium-43,42.961150472,21,366825.475,3.891
scandium-42,41.965516522,21,354687.186,681.3
