col0,col1,col2,col3
IC 5315,60.66,350.3260966206556,J2000.0
IC 5328,37.15,353.318575,J2000.0
IC 4797,28.31,284.1235667,J2000.0
IC 3370,26.79,186.9054583,J2000.0
IC 4296,54.9,204.162636470333,J2000.0
IC 4421,52.9,217.1303542,J2000.0
NGC 6160,111.17,246.9211417,J2000.0
NGC 6146,87.1,246.2930212371174,J2000.0
NGC 6198,77.57,248.87775412419,J2000.0
