col0,col1,col2,col3
NGC 3497,William Herschel,NGC 3525,166.8252417
NGC 151,William Herschel,NGC 153,8.5116323416651
NGC 4211,Édouard Stephan,NGC 4211A,183.8994100892896
NGC 4005,William Herschel,NGC 4007,179.5423463716527
