col0,col1,col2,col3
NGC 2367,6.6,-21.8817,7.9
NGC 1746,760,23.77,6.1
NGC 1330,75.89,41.3880723432059,10.141
NGC 305,176.2,12.123875,11
