col0,col1,col2,col3,col4,col5,col6
SDSS J105333.76+285033.6,163.3906862360361,cataclysmic binary candidate,1.2677,28.8427130568995,J2000.0,19.459
SDSS J075117.00+100016.2,117.8208664795468,cataclysmic binary candidate,2.0841,10.0045148043019,J2000.0,17.884
SDSS J081408.42+090759.1,123.5351154337632,cataclysmic binary candidate,0.8962,9.1330709111435,J2000.0,19.415
CRTS J084108.1+102537,130.2837880004765,cataclysmic binary candidate,1.2173,10.4267423121912,J2000.0,19.818
SDSS J013645.81-193949.1,24.1908903215221,cataclysmic binary candidate,0.8755,-19.6636553182382,J2000.0,18.012
SDSS J074500.58+332859.3,116.2524332017607,cataclysmic binary candidate,0.6891,33.483190228129,J2000.0,18.332
SDSS J142414.20+105759.8,216.0591549033525,cataclysmic binary candidate,0.0746,10.966635742288,J2000.0,15.946
CRTS J073758.5+205545,114.4939749036422,cataclysmic binary candidate,1.7064,20.9290708769245,J2000.0,17.196
