col0,col1,col2,col3,col4
nhodymium-130,1.006,0.0,129.928506,70.0
neodynium-129,1.002,2.4875,129.706700612,68.655
neodymium-158,0.993,0.0,128.57492624999998,68.544
nodymium-126,0.991,0.0,124.80962201,66.132
