col0,col1,col2,col3
B!Ursae Majoris,49.44194754716774,177.5317766975679,18.72166
IT Geminorum,28.10620429024,101.7926166262578,12.423
IY Ursae Majois,58.1255325349177,160.9864528166005,16.759489999999996
