col0,col1,col2,col3,col4
HD 1461 b,Steven S. Vogt,Cetus,4.674446833,-8.053000667
HD 1461 c,Steven S. Vogt,Cetus,4.674446833,-8.053000667
Kepler-296e,Kepler,Draco,286.5400083,49.437325
Kepler-296f,Kepler,Draco,286.5400083,49.437325
