col0,col1,col2
NGC 5215B,12.9,0.01339
IC 1015,15.2,
NGC 6872,11.59,0.015194
ESO 116-3,18.06,
NGC 7828,13.9,0.019347
