col0,col1
ESO 186-66,-53.4292667
ESO 235-30,-49.9651444
ESO 185-17,-54.10667
[WDK2001] 4546,-28.0324167
NGC 7585,-4.6502972
Arp 272,17.76833
