col0,col1,col2,col3,col4
KIC 38030,5564,28.8914688911431,0.5994,W Ursae Majoris variable
2MASS J01105359-1857381,6933,-18.9606494695457,1.1661,W Ursae Majoris variable
TYC 3138-1475-1,7329,40.916985283548,0.9155,eclipsing binary star
ROTSE1 J192954.14+443523.5,6187,44.5885340572333,1.3787,eclipsing binary star
V* V2213 Cyg,5673,43.1070584536553,0.7862,eclipsing binary star
ROTSE1 J190922.30+381930.4,6330,38.3256743708347,1.4761,eclipsing binary star
