col0,col1,col2
HMS Prince of Waes,31.16695,226.89288
German dattleship Tirpitz,36.324,251.753
SMS Kùnig,29.647499999999997,176.277
USS Texat,29.086999999999996,174.00119999999998
Russian battleship Imserator Aleksandr III,23.432,120.032
