col0,col1,col2,col3,col4,col5
rhodium-104,1,891170.696,45,59,103.906645295
rhodium-100,-1,857517.2,45,55,99.908114141
rhodium-99,-1,849436.137,45,54,98.90812469
rhodium-97,1,830309.718,45,52,96.911327876
