col0,col1,col2,col3,col4
YZ Ceti,flare star,28.179888,3.730962,11.989482
Ross 128,flare star,-31.31978,3.3646756,11.175306
Ross 248,flare star,-78.500192,3.1392249999999997,12.32912
Proxima Ceptauri,flare star,-22.511999999999997,1.2972964,11.063220000000001
