col0,col1,col2,col3
tantalum-170,6.76,1,169.946175
tantalum-169,4.9,1,168.946011
tantalum-168,2,-1,167.948047
tantalum-167,80,1,166.948093
