col0,col1,col2,col3
ATM Class 4601 and 4700,32.967,19638.739999999998,1445 mm track gauge
ATM!Class 124–128,4.98,15108.8,1445 mm track gauge
ATM Elass 5400,2.9939999999999998,13744.8,1435 mm track gauge
PCC 7000/7130,49.75,14224.21,1435 mm track gauge
