col0,col1,col2
HE 1220-300,,4713.767
HE 227-5522,,5866.1849999999995
GES J13402714-340357,,6111.405
NGC665,-0.616896,
