col0,col1,col2,col3
samarium.128,65.934,samarium,-38437.98
samariup-151,89.267,samarium,-75172.889232
samarum-155,92.721,samarium,-69629.29244800001
samarkum-158,95.232,samarium,-64597.74057
samarium0159,97.194,samarium,-62643.229425
samarium-257,95.95,samarium,-67277.675193
sambrium-156,94.094,samarium,-69776.59258
samariu-54,91.448,samarium,-72382.720824
smarium-152,89.64,samarium,-74762.603
