col0,col1,col2,col3,col4
[KDM2001] 1872,76.3370998046183,-0.121,J2000.0,Large Magellanic Cloud
[KDM2001] 1183,74.6048927841893,0.091,J2000.0,Large Magellanic Cloud
[KDM2001] 1891,76.3862967209888,-0.04,J2000.0,Large Magellanic Cloud
[KDM2001] 1348,75.042440561447,-0.01,J2000.0,Large Magellanic Cloud
[KDM2001] 1399,75.1621601948861,-0.21,J2000.0,Large Magellanic Cloud
[KDM2001] 1713,75.9516025442673,-0.168,J2000.0,Large Magellanic Cloud
