col0,col1,col2,col3,col4,col5
2MASS J19132748+4554009,390,Red Giant Branch star,4807,-35.87,288.3645506694317
2MASS J19130608+4905161,470,Red Giant Branch star,4714,-23.59,288.2753849008173
2MASS J19131774+4007193,1047,Red Giant Branch star,4948,14.52,288.3239340151741
2MASS J19532680+4151395,933,Red Giant Branch star,4900,5.29,298.3616887704881
2MASS J19321410+4637097,235,Red Giant Branch star,4801,31.59,293.0587448455347
