col0,col1,col2,col3,col4
HD 64440,multiple star,118.0542968645767,J2000.0,4601
HD 61330,multiple star,114.342124093,J2000.0,11482
HD 138488,multiple star,233.28963575,J2000.0,7980
HD 13594,multiple star,33.510245015,J2000.0,6434
32 Orionis,multiple star,82.696045453,J2000.0,16020
