col0,col1,col2,col3,col4
BD+41 3731,42.3003839047169,-11,306.0654831447698,0.9871
BD+40 4124,41.3643132808186,-9,305.1176732237987,1.0924
HD 199178,44.3864106193723,-30.76,313.473550957436,8.9015
HD 179218,15.7876756146471,-3,287.7968919648307,3.7595
