col0,col1,col2,col3
Kleinmariazgll,201.579,91.08,15.932952
Teusenberg,222.768,,5.881713
eonstein,1689.51,,16.20752
Hainburg an der Eonau,6556.86,,25.065039999999996
Wiler,2085.375,,3.08308
Sulz,2516.892,,3.03812
