col0,col1,col2,col3
2MASS J09165909+5124504,-20.6,-0.00025,21.2989
2MASS J07505479+4454205,121,0.00022,19.5723
2MASS J09442926+0251164,44,-0.00012,11.6262
2MASS J08452021+3605515,15.9,-0.00007,14.8047
