col0,col1
Loma del Arbolkto,404.40399999999994
Derro Escalera,4643.276999999999
Loma de Ld Zorra,2042.906
Cerro La Slla,984.015
