col0,col1,col2,col3,col4,col5
CRTS J124701.5-033843,W Ursae Majoris variable,-2.537,19,191.7565454094264,J2000.0
CRTS J164111.0+345636,W Ursae Majoris variable,-2.579,8.4,250.2961427052072,J2000.0
CRTS J114754.6+155122,W Ursae Majoris variable,-11.702,4.54,176.9778193133347,J2000.0
CRTS J092425.4+322730,W Ursae Majoris variable,-4.338,12,141.1059222319532,J2000.0
