col0,col1,col2,col3,col4,col5
TYC 1346-397-1,0.6241,4466,1602.3073,-4.484,108.864462475348
UCAC3 198-135493,1.8633,4592,536.6822,-2.939,229.7188846220588
UCAC3 173-93208,0.431,4734,2320.1856,-0.417,118.1502194889715
V* V454 Ser,3.4834,4743,287.0758,-5.458,234.1433983639828
UCAC3 206-118680,1.9698,4384,507.6658,-33.394,192.4312554171452
TYC 3062-1317-1,1.816,4749,550.6608,-26.918,245.4883616094242
BD+35 2338,0.6624,4570,1509.6618,-10.584,186.5055266498434
TYC 2073-508-1,0.9166,4869,1090.9884,-7.423,258.3005480477929
V* V422 Peg,3.4911,4395,286.4427,-15.475,3.6231851887615
