col0,col1
Vden,7.812
tuenec,7.769299999999999
onue Castello,3.21642
