col0,col1,col2,col3,col4
BD+44 4019,330.35240292,10.11,ADS 15556 P,BD+44 4018
32 Herculis,248.3713500553749,6.866,* 32 Her B,* 32 Her B
Nu Scorpii,242.99889865,4,nu. Sco A,HD 145501
Eta Geminorum,93.71935536055373,3.28,eta Gem B,eta Gem B
