col0,col1,col2,col3
NAME AT 2019flv,Columba,-36.517324,20.413
NAME AT 2019fnl,Columba,-34.912666,21.647
NAME AT 2019flu,Columba,-32.385517,20.826
NAME AT 2019fni,Columba,-29.766986,21.795
