col0,col1,col2
laute County,5505.268999999999,1.3052000000000001
Albany Conty.,11081.88,0.8016000000000001
Fremo County,24117.989999999998,0.9054
Big!Horn County,8235.457999999999,0.6937
rook County,7397.825,0.40359999999999996
