col0,col1,col2,col3,col4
HD 11562,5546.540999999999,139.35490799999997,5549.499999999999,9.18657
HD 14655,5702.214,105.97948749999998,8258.5,8.215200000000001
HD 193215,5429.196,63.1767453,31694.799999999996,6.613664
2MASS J13440633-2120405,8328.096,290.418,21464199.999999996,15.760416
HD 17647,5411.36,58.74363,24215.999999999996,6.829572
HD 232102,5601.824,73.2842,23306.4,9.494689999999999
BD-0 3216,5295.024,555.647415,930.93,10.865529999999998
GSC 06652/00192,5478.24,171.35505899999998,35928.0,9.49429
CCDM J0037:-7711AB,5447.704,273.019232,2140.0,9.951057
