col0,col1,col2,col3,col4
bet02 Sco,7.7508,241.3607174022934,J2000.0,bet01 Sco
mu. Dra B,36.8008,256.3342149241225,J2000.0,mu. Dra A
i Boo B,78.0881,225.94797733987875,J2000.0,i Boo A
19 Lyn A,4.7743,110.716908792735,J2000.0,HD 57102
