col0,col1,col2,col3
EM* MWC 603,275.532728220174,J2000.0,-60.4
CD-50 7894,203.9898063834463,J2000.0,-23.27
WRAY 15-1022,192.7420175336308,J2000.0,-14.87
PN KFL 8,271.7730520200996,J2000.0,90.96
