col0,col1,col2,col3
HD 169959,6.4233373,HD 169959A,-3.4
CCDM J14418-2942AB,-29.69761361,CD-29 11245A,-13.8
HD 151070,23.517492691,HD 151070B,-9.71
CCDM J19031-4543AB,-45.711769688,CD-45 12940A,-27.31
CCDM J19220+2230AB,22.506423009,BD+22 3674A,-5.53
HR 5362,-43.058843236,TYC 7813-3609-1,-10.26
CCDM J15487+8337AB,83.619656026,BD+84 351A,-1.24
