col0,col1,col2,col3
IRAS 14362-5921,6.136,-59.570732,220.006734
IRAS 14373-6044,13.842,-60.9624133172823,220.2976331443948
IRAS 14164-5655,7.88,-57.1558833,214.9899667
IRAS 18244-1106,12.985,-11.078694,276.814917
IRAS 18039-0829,14.562,-8.49225,271.663292
