col0,col1,col2,col3
Haunstettr Forst,0.0,5.46336,535.68
Frauengorst,0.0,19.85,488.48799999999994
xttenberger Wald,0.0,18.104149999999997,362.36199999999997
Osipg,0.0,2.74548,372.75
