col0,col1,col2,col3,col4,col5
2MASS J19383260+4603591,0,Cygnus,-4.638,294.6358850718383,16279
HD 149382,-0.55,Ophiuchus,-6.11,248.5972219666979,27535
GSC2214-1198,-0.58,Pegasus,-56.851,327.7959253774604,82000
HVS 7,0,Leo,-0.677,173.3005130618965,13000
