col0,col1,col2
Mcsua,146.816,-257.55
Idan,356.4,-180.79
ekola,537.0,-180.72
Djshon,340.01699999999994,430.42999999999995
Yafkt,149.74499999999998,-244.265
