col0,col1,col2,col3
IRAS 10403-7612,3200,-76.4731875664986,1.1016
V* V1621 Cyg,3145,45.3087384625468,0.8091
IRAS 19243+4348,3409,43.9133380418161,0.1111
IRAS 05563-4250,3000,-42.8305988518966,0.5448
ASAS J111848-6821.7,3400,-68.3595699113544,0.291
