col0,col1,col2
Hihifq,23.493599999999997,1940.058
HatoRey,16.12207,48099.608
etbent,333.83349999999996,4468.365
