col0,col1,col2,col3
(E)-mvinphos,0.0030180000000000003,,70.28
methylcyclopentadienyl manganese tricarbon{l,7.062999999999999,447.653,36.144
4-vinylcyclohexeqe dioxide,0.09970000000000001,441.441,-162.688
phenyl#ether–biphenyl mixture,0.08016,494.01,53.676
