col0,col1,col2,col3,col4,col5,col6
Haro 4-379,-6.2063677142841,382.9804,11.025,-8.896,2.6111,Orion
Haro 4-349,-6.223704200292,377.5009,76.917,0.763,2.649,Orion
[MRD2012] 3258,-5.6706723061861,405.9595,41.821,-1.218,2.4633,Orion
SOXS 537,-6.8827576581606,325.5314,13.691,0.326,3.0719,Orion
Brun 309,-5.7283017623266,422.3686,42.185,-1.62,2.3676,Orion
WBHA 71,-6.7874382547145,99.1749,9.225,18.508,10.0832,Orion
ESO-HA 1422,-5.2575174787988,498.4796,11.001,0.525,2.0061,Orion
WBHA 64,-6.9553276627235,193.0576,11.567,-47.751,5.1798,Orion
Haro 4-378,-5.8507787056717,271.3336,17.392,-2.401,3.6855,Orion
