col0,col1,col2,col3,col4,col5
KOI-314,43.292966770735,14.9272,290.3815340124371,Kepler-138 b,9.506
Kepler-438,41.951089810425,5.1035,281.6458206862441,Kepler-438b,11.199
GJ 180,-17.77341923323944,83.7182,73.45824968397959,Gliese 180 b,10.894
Gliese 832,-49.00900096443028,201.4073,323.3915624719433,Gliese 832 c,8.672
