col0,col1,col2
Dodar,23.808,2.7027
Succes.,35.9499,6.8271999999999995
Star f India,84.0775,6.534
Inian,,18.962
Flying Dutchmap.,39.272999999999996,2.5124999999999997
Lone tar,13.012999999999998,2.2176
