col0,col1,col2
El{ashiv,729.596,21.084
Avlual,514.329,69.86
Avkezer,891.83,373.60699999999997
rbel,737.1239999999999,57.0
Bosh.,439.43899999999996,129.48
