col0,col1,col2,col3
R Pegasi,20,10.5433548669941,353.3569
R Dra,-132.8,66.7549778799878,662.2078
U Herculis,-26.1,18.8924617694905,571.7226
U Orionis,-19.5,20.1751917707963,216.3004
