col0,col1,col2,col3
HD 43703,1413.6274,94.6643173914281,-1.615
HD 254842,916.1704,94.7398393840563,-3.227
HD 29096,545.3157,69.1630484838872,-6.36
BD+66 1651,791.2018,358.0505673238614,-5.558
HD 333378,917.347,301.0243457905223,-4.071
EM* VES 203,1731.6017,305.3535506663359,-6.23
EM* AS 401,2199.2523,304.6738090867809,-6.185
EM* MWC 1015,1824.4846,305.3899266791855,-5.945
HD 193516,1462.4159,304.7812744453276,-7.031
HD 307718,3456.6194,156.3320571565001,-5.305
