col0,col1,col2,col3,col4
bismuth-194,3,193.982792362,bismuth,-16028.811
bismuth-193,4.5,192.982947223,bismuth,-15884.559
bismuth-192,3,191.985470078,bismuth,-13534.535
bismuth-191,4.5,190.985786975,bismuth,-13239.347
