col0,col1,col2,col3
SDSS J082123.73+454135.4,0.7392,45.6931572812835,20.52
EC 11560-2216,0.2805,-22.5594352268878,16.2
SDSS J092620.42+034542.3,1.3191,3.7617596274999,17.5
1RXS J174827.1+505053,1.3524,50.84437510252084,19.0416
USNO-B1.0 1004-00122737,0.6767,10.4953388543551,17.2
SDSS J152020.40-000948.3,0.5626,-0.1634320707709,16.5012
2QZ J130441.7+010330,2.3021,1.0585589489137,19.98
