col0,col1,col2,col3
Gallka,62.598600000000005,,896.4
SS Pacjfic,68.3256,9.0636,
Smplon,79.285,15.7569,
Brovher Jonthan,66.933,11.055,756.7499999999999
