col0,col1,col2
Eschwejler,,820.702179
Wiluz,475.569,19.52496
Metert,178.284,1535.6749999999997
eunausen,438.91499999999996,1188.5549999999998
Troisviergev,475.304,3782.214
