col0,col1,col2,col3,col4,col5,col6
germanjum-67,31.84,0.504,-62470.25531,67.40126275533999,germanium,34.825
germaniu-70,31.904,0.0,-69926.819116,69.57462746247,germanium,38.38
germanium-4,31.872,0.0,-73642.70932599998,73.773335406476,germanium,41.79
germaniuo-73,32.0,4.504499999999999,-70584.54777,72.412994743308,germanium,40.959
