col0,col1,col2,col3
SDSSCGB 70783,36.16639,Canes Venatici,94330
SDSSCGB 66526,50.24833,Canes Venatici,32505
SDSSCGB 69850,34.11722,Canes Venatici,10020
SDSSCGB 66102,32.51167,Canes Venatici,26045
SDSSCGB 67079,47.07778,Canes Venatici,44676
SDSSCGB 68398,38.03778,Canes Venatici,40861
