col0,col1,col2,col3,col4
NSVS 16982892,-11.4784596249202,297.3875788256767,Aquila,0.9889
NSVS 11124909,8.6954445262093,283.1776363122719,Aquila,1.9579
NSVS 14331916,-4.8274376418015,308.8623767706125,Aquila,1.8403
TYC 5170-1958-1,-5.5064669321048,303.7627376415814,Aquila,0.8038
TYC 5176-854-1,-0.4311051114737,308.3331196758291,Aquila,1.1597
RAVE J201531.4-062025,-6.3402695851123,303.8808229686254,Aquila,5.3726
TYC 1071-468-1,7.6277471238179,300.3580124186043,Aquila,3.1683
TYC 5600-923-1,-10.1586840219824,234.7074958928438,Libra,4.7538
NSVS 12990769,4.3635810751625,144.2390658229165,Hydra,2.1569
