col0,col1,col2,col3
As ayf,1772.1,1301.8939999999998,1419.656
As ayf.,2579.54,1944.15,2551.5489999999995
As Suf,1690.92,2096.465,2092.6659999999997
Az Zurybah,169.66,4030.587,4180.504
Al Burayhch,1917.365,4672.636,5142.816
