col0,col1,col2,col3
plutonium-244,244.064204415,94,1836054.86
plutonium-238,238.04955825,94,1801269.68
plutonium-240,240.053811812,94,1813450.08
plutonium-239,239.052,94,1806916.002
