col0,col1
empa,80.64
Lemoa,298.2
Lagoudra,1037.2099999999998
Korns,302.7
Kofi.,545.6
orakou,410.40999999999997
