col0,col1,col2,col3,col4,col5
V* V1782 Sgr,Orion variable,271.0991005441896,-0.03,-1.885,NGC 6530
V* V1800 Sgr,Orion variable,271.1703215149618,0.03,-1.577,NGC 6530
V* V1787 Sgr,Orion variable,271.1127879841435,-0.03,-1.771,NGC 6530
V* V1781 Sgr,Orion variable,271.0814716555193,-0.06,-3.794,NGC 6530
V* V1792 Sgr,Orion variable,271.1250246644337,0.02,-1.75,NGC 6530
