col0,col1,col2,col3,col4
TYC 7980-435-1,323.2547682744614,-34.83,-122.21,316.4257
HD 9569,22.6392946423412,21.48,147.88,405.7947
CD-75 63,27.8729848626984,-97.755,118,114.8725
TYC 7973-44-1,316.5634663750801,-0.407,-70.14,528.9606
TYC 7979-960-1,320.4788865342447,-3.832,108.45,1842.2992
TYC 7970-890-1,318.8072609313066,-41.212,109.6,193.7346
TYC 7970-94-1,318.3034528181713,-25.469,-186.18,1960.7843
[SRA98] 6-1504,319.4320912270765,-10.369,-124.12,1299.883
