col0,col1,col2,col3
ESO 342-49,15.06,0.008759,J2000.0
ESO 203-1,12.889,0.0529,J2000.0
ESO 139-3,14.53,0.017606,J2000.0
ESO 70-5,11.25,0.015951,J2000.0
ESO 70-9,10.636,0.026955,J2000.0
NAME Exclamation Mark Galaxy,16.4,0.011445,J2000.0
ESO 183-17,15.14,0.009173,J2000.0
ESO 183-7,14.45,0.018096,J2000.0
ESO 220-10,14.14,0.024247,J2000.0
