col0,col1,col2,col3
edge Islaqd,13.916,21.934,
Vernoo Islands,0.0,0.0,
Raymond sland,277.83099999999996,271.542,11.011
Christma Island,712.7119999999999,1122.09,232.362
