col0,col1
Loma de Diablo,218.51899999999998
Looa deo Diadlo,562.038
Cerro Sllajasa,4666.592
Cerro Lguna,3356.1349999999998
