col0,col1,col2,col3
IC 335,-34.4470972,53.8792875,18.37
NGC 6925,-31.9808889,308.5856917,29.79
NGC 7332,23.79835,339.352175,21.48
NGC 5746,1.9547389,221.2333542,30.48
NGC 5170,-17.9664968847479,202.4532053304428,25.59
NGC 5023,44.0380222,198.0491625,6.05
