col0,col1,col2,col3,col4,col5
V* V1224 Tau,Orion variable,52.409872315444,0.11,-41.589,Pleiades
2MASS J06414369+1007525,Orion variable,100.432088289912,-0.07,-3.112,NGC 2264
V* V1786 Sgr,Orion variable,271.1135882881891,0.04,-2.219,NGC 6530
V* V1778 Sgr,Orion variable,271.0683386907125,-0.01,-10.505,NGC 6530
