col0,col1,col2,col3,col4,col5
TYC 3148-1855-1,eruptive variable star,295.820721167867,1267.5878,0.7889,-16.76
TYC 3147-622-1,eruptive variable star,294.378687297019,1201.9231,0.832,28.31
TYC 3142-1380-1,eruptive variable star,291.9560953815371,1374.9484,0.7273,-50.02
TYC 3560-2164-1,eruptive variable star,293.9800535804505,831.1861,1.2031,-10.34
TYC 3147-26-1,eruptive variable star,294.7634498597567,1255.4928,0.7965,-2.17
TYC 3147-476-1,eruptive variable star,294.4238385120562,1259.1287,0.7942,-3
TYC 3142-1137-1,eruptive variable star,291.6435080868903,959.785,1.0419,-46.71
TYC 3130-2730-1,eruptive variable star,282.2477349399951,822.0304,1.2165,-25.32
HD 225325,eruptive variable star,295.0358920421344,817.7952,1.2228,-81.5
