col0,col1,col2,col3
5017 Giro'Italia,Bahrain-Merida 2017,3601.8818,39.640800000000006
1980 Giro d'Italid,Renault-Gitane 1980,3997.3215,35.609823999999996
1930 Giro d'Itaia,Bianchi,3918.7209999999995,27.01842
1909#Giro d'Italia,Peugeot,2462.5874,26.9874
