col0,col1,col2
NGC 1531,11.7,0.003899
ESO 425-13,,0.061032
NGC 5665,12,0.008
ESO 54-22,16.8,
