col0,col1,col2,col3,col4,col5
HD 268779,-68.619073826285,2.5424,4.464,73.9608378925934,6.5
HD 268632,-69.1241426267599,0.4653,-0.004,72.1237724255618,268.8
VPHAS J180348.3-242223.4,-24.3731634625234,0.8901,-2.134,270.9510775764001,-4.91
Cl* NGC 6530 WFI 16098,-24.4088495835394,0.7718,-2.126,271.1542922855521,1.26
VPHAS J180410.2-242322.7,-24.389622864026,0.4039,-1.167,271.0424946894472,-31.97
