col0,col1,col2,col3
V Hydrae,162.9052558586939,,-21.2500943448759
Deneb,310.357979753,0.23,45.280338807
X Trianguli,30.140571154032,,27.8886680774229
Sigma Octantis,317.195180933923,,-88.9565032486872
Moldoveanu,240.5493596272596,-0.07,28.16956101177194
X Ophiuchi,279.5880488184934,,8.8341108938832
