col0,col1,col2,col3,col4
rubidium-84,-79758.964,37,83.914375225,47
rubidium-83,-79070.63,37,82.915114182,46
rubidium-89,-81712.388,37,88.912278137,52
rubidium-88,-82608.995,37,87.911315591,51
