col0,col1,col2,col3
Far Wesw,57.71,10.069999999999999,29.91
ontreux,63.062999999999995,14.257100000000001,
Juner Pionier,56.36618,,633.6
