col0,col1,col2,col3
rhenium-170,1352361.05,5,169.958224966
rhenium-169,1343785.755,4.5,168.958765991
rhenium-168,1333100.16,7,167.961572608
rhenium-167,1324143,4.5,166.962607
