col0,col1,col2
Yeka,85.80184,335549.55
Araa,9.83072,227354.994
Sant Andteu,6.52561,152143.148
Sraga,33.461999999999996,244680.84699999998
Nowc Huta,65.27918,223650.0
