col0,col1,col2,col3,col4,col5,col6
3FHL J0847.0-2337,-2.052,18198,Pyxis,-23.6171333150252,11.242,0.059
MRC 0233-478,-0.024,217319,Eridanus,-47.6196045965648,18.0119,1.504
IVS B0559-276,0.177,225727,Columba,-27.6061207116622,19.2511,1.6637
PMN J0207-6216,-0.345,251578,Hydrus,-62.2765356882687,17.8779,2.3817
