col0,col1,col2,col3,col4,col5
[PLP2016] 187.359453+12.876772,187.3594561470245,Messier 87,1488,J2000.0,-2.255
[FDK2008] J123307.36+095254.3,188.2806569830571,Messier 87,1101,J2000.0,-0.163
[PFF2004] gc 21,201.2256606092346,Centaurus A,534,J2000.0,-2.712
[WHH2005] 18,201.3753006680875,Centaurus A,759,J2000.0,-2.689
