col0,col1,col2,col3
QZ Vir,3.3686417262097,174.6117668440699,0.00015
V* HY Psc,1.1142128362436,345.9651521497904,-0.00013
V* QZ Aqr,-0.660285,322.843368,0.76067
V* BC UMa,49.2449676764619,178.0659746214322,-0.00039
