col0,col1
ESO 78-18,-63.128694
[WDK2001] 61945,-27.5794278
Andromeda–Milky Way collision,
ESO 198-4,-48.0214566333468
PGC 66165,-33.2428376124758
ESO 240-8,-48.1811321910246
