col0,col1,col2,col3,col4
thallium-177,81,176.996413797,1368593.559,mercury-176
thallium-176,81,176.000624367,1356600.08,mercury-175
thallium-194,81,193.971081411,1529402.88,gold-190
thallium-187,81,186.975904743,1468410.768,gold-183
