col0,col1,col2,col3,col4,col5
2MASS J21402588+5815262,1.0444,-0.681,young stellar object candidate,325.1078210387059,58.2573114734802
2MASS J18314638-0210403,0.9917,-4.89,young stellar object candidate,277.9432521778834,-2.1778784191483
2MASS J06302940+0504123,0.8876,-1.989,young stellar object candidate,97.6225253152687,5.0701059070647
2MASS J21402500+5816106,0.3541,-4.448,young stellar object candidate,325.1042088135856,58.2696421422458
2MASS J06310608+0457529,0.5042,-1.365,young stellar object candidate,97.7753526692383,4.9647151567314
