col0,col1,col2,col3
osmium-196,195.969643277,-28277.105,76
osmium-195,194.968318,-29511.593,76
osmium-194,193.965179477,-32435.108,76
osmium-193,192.964149753,-33394.289,76
osmium-192,191.961478881,-35882.191,76
