col0,col1,col2,col3,col4
[SS2011b] F1-33331,J2000.0,Ursa Major,54.37713527,210.92584677
[SS2011b] F2-5693,J2000.0,Ursa Major,54.30698,210.73708
[SS2011b] F1-18032,J2000.0,Ursa Major,54.35697,210.83896
[MMF2013] F2 ch2-2-s0020,J2000.0,Ursa Major,54.32661,210.66684
[SS2011b] F2-27471,J2000.0,Ursa Major,54.3129915,210.73518494
[SS2011b] F2-28255,J2000.0,Ursa Major,54.32859489,210.66120363
