col0,col1,col2,col3,col4,col5,col6
G 50-12,119.537890970663,76.1348,7.2837375573376,Canis Minor,rotating variable star,-325.543
LP 377-100,187.3630066357522,44.0681,22.9963143635519,Coma Berenices,rotating variable star,-172.385
G 130-63,4.7233052685063,53.0094,27.8138525164334,Andromeda,rotating variable star,-111.788
G 130-68,6.14533064965042,51.8335,30.04153523480028,Andromeda,rotating variable star,10.41
G 116-72,149.8283069288766,36.782,43.8403916782542,Ursa Major,rotating variable star,-221.648
G 29-69,357.3125871188628,31.1699,10.0941035670602,Pegasus,rotating variable star,-380.347
