col0,col1,col2,col3
culptor Ialaxy,11.911834416600001,3.6741,Caroline Herschel
NGC 2146,94.84643924999999,15.936,Friedrich August Theodor Winnecke
NGC 1705,73.04135625,5.536559999999999,John Frederick William Herschel
NGC 5004C,198.15254863857356,73.89070000000001,William Herschel
