col0,col1
[WK2001] 9390,52.940511623999996
WISE J032120.91-734858.8,50.23645075
YIRTUAL PASENT IP 144,
[PV96] Cl 1613+3104 374,
[PV96] Cl 1613+3104332,
