col0,col1,col2,col3,col4,col5
[MPB2015] 61104,J2000.0,246.0018033142625,-26.491523348194,0.5202,physical binary candidate
[MPB2015] 39540,J2000.0,245.8868501865416,-26.3904616889789,0.4927,physical binary candidate
[MPB2015] 33250,J2000.0,245.8587490386418,-26.5671120921248,0.5451,physical binary candidate
[MPB2015] 31226,J2000.0,245.8475961676858,-26.5389283160468,0.5774,physical binary candidate
[MPB2015] 50643,J2000.0,245.9348636988026,-26.459836414086,0.5393,physical binary candidate
[MPB2015] 30261,J2000.0,245.8421278646626,-26.480031243209,0.4955,physical binary candidate
