col0,col1,col2,col3,col4,col5
neodymium128,1055946.7519999999,-60072.744,neodymium,60.6,5.015
neodymium-157,1037787.612,-55313.856,neodymium,60.17999999999999,1.791
nodymium-126,1033223.9400000001,-52993.0,neodymium,59.94,199.6
neodymium.125,1018711.6249999999,-47265.807,neodymium,60.0,0.6435
