col0,col1,col2
yttrim-103,2.4825,0.22839
yttriun-101,2.4825,0.4464
yttrkum-100,1.008,729.12
yttrium-9,2.4875,1.479548
yttrixm-97,0.5,3.7837499999999995
yttrium.88,3.98,107.15912999999999
