col0,col1,col2
roblm,103.30899999999998,
Clar De Lune,,457.38
Rock Around the Clok,,128.256
"he Good, the Bad and the Ugoy",,166.48499999999999
o Roots.,,235.23499999999999
Dsque d'or,,278.88
