col0,col1,col2,col3
WRAY 15-157,121.6453050628827,J2000.0,86.39
V1261 Ori,80.577696343147,J2000.0,84.14
AG Pegasi,327.758222481583,J2000.0,-15.86
DT Piscium,18.5204394882221,J2000.0,6.78
Sanduleak's Star,86.3315375,J2000.0,290
Hen 3-1481,267.017833,J2000.0,-10.1
EM* MWC 17,26.9102906748621,J2000.0,-28
