col0,col1,col2,col3
gilbert,William Gilbert,0.7957747154594766788444188168625718101722982287022822437383367202944839881711326754505690138312654297803642136337897901844646,UCUM derived unit
carat,carob tree,0.0000001968413,unit of mass
gilbert,William Gilbert,0.7957747154594766788444188168625718101722982287022822437383367202944839881711326754505690138312654297803642136337897901844646,unit of measurement
foot,foot,0.0000000000000000098779,unit of length
