col0,col1,col2,col3,col4,col5
BD+37 3431,eruptive variable star,290.6611007711773,445.2558,2.2459,-27.37
KIC 2693261,eruptive variable star,285.9576432115753,815.7938,1.2258,5.43
BD+37 3324,eruptive variable star,285.9029541746351,374.6581,2.6691,-28.8
AG+37 1735,eruptive variable star,286.8551588599726,807.4935,1.2384,-9.12
KIC 2141928,eruptive variable star,286.4225800166224,1030.0783,0.9708,-56.49
