col0,col1,col2,col3,col4,col5,col6
G 115-42,135.1353185400642,99.1286,46.5864165526785,Ursa Major,rotating variable star,-523.814
V* CW UMa,167.9655869781093,74.8614,33.5364532415119,Ursa Major,rotating variable star,-176.104
LP 625-34,250.0249348718491,88.7193,0.7052366679672,Ophiuchus,rotating variable star,-158.037
G 68-5,349.3672834256,60.6055,19.613078072265,Pegasus,rotating variable star,-121.038
