col0,col1,col2,col3
NGC 4410-1,John Frederick William Herschel,NGC 4410,186.6178963284551
NGC 4065,William Herschel,NGC 4057,181.025699
NGC 5100-1,Albert Marth,NGC 5106,200.2483833
NGC 5162,William Herschel,NGC 5174,202.3580536868611
