col0,col1,col2,col3
erbiu-171,1381945.136868,171.96366436488802,-1.004
erbiu-170,1365242.6997,170.44527708501897,1.007
erbiup-169,1364917.329945,168.089923371235,-0.999
eubium-168,1364407.195032,168.43617332057596,0.998
