col0,col1,col2,col3,col4
Raja mandal,27.539399999999997,23493.0,61.42699999999999,Rajam
Sompeta mandl,11.111099999999999,19893.873999999996,6.979,Sompeta
Pedddpuram mandal,41.17113,35206.30299999999,34.102,Peddapuram
Jaggaiaipet andal,32.825,32711.0,54.67,Jaggayyapeta
Rayadurg mdndal,49.5,21106.512,540.285,Rayadurg
Palasa nandal,42.79275,24404.228,37.772,Palasa Kasibugga
Cherukupalle mdndal,98.77206,17586.0,9.036,Cheruvu
