col0,col1
LB-1.,9.126399999999999
Lambda Eridanj,14.112
Regulxs,3.7923999999999998
U Centawri,
 Aquarii,
