col0,col1,col2
Buugrune Landskron,,672.62
Kirchenruinf,,458.18499999999995
Aogkr,35205.299999999996,
Pammyra,16833.6,
