col0,col1,col2
ozal Clipper,132.67008,5.650399999999999
Pogori,46.846799999999995,3.762
Loeh Linnhe,72.54858,6.4845
Wyvrn.,18.2728,3.2597499999999995
