col0,col1,col2,col3,col4,col5
[H97b] 10888,J2000.0,84.00132088307998,372.967,Parenago 2296,0.487
[H97b] 696b,J2000.0,83.84119514676458,379.348,JW 696,0.747
[H97b] 3157,J2000.0,83.54867846487375,361.651,[AD95] 418,-5.634
[H97b] 10015,J2000.0,83.548625,361.651,[AD95] 418,-5.634
