col0,col1,col2,col3,col4
V* V481 Ori,28900,Orion variable,31.98042,-4.4641924252507
V* V574 Ori,17340,Orion variable,27.45488,-5.1745831116382
V* KZ Ori,8850,Orion variable,23.605968,-5.5004105375279
V* HX Ori,17400,Orion variable,29.98985,-4.6427889
V* HS Ori,1,T Tauri type star,6.759453,-4.8218156798093
