col0,col1,col2,col3,col4,col5,col6,col7
zirconium-80,668800,40,strontium-79,79.941642,1,4.6,-54360
zirconium-89,771928.951,40,yttrium-89,88.908882332,1,78.41,-84875.561
zirconium-93,806460.66,40,niobium-93,92.906470646,1,1610000,-87122.032
zirconium-96,828991.392,40,molybdenum-96,95.908277621,1,23500000000000000000,-85438.846
