col0,col1,col2,col3,col4,col5
42 Draconis,-0.112,28700000,4.823,65.56347332177612,31.79
14 Andromedae,0.67,15300000,5.22,39.23619735870278,-59.73
91 Aquarii,0.959,15300000,4.25,-9.08773367259389,-25.89
51 Andromedae,5.833,28700000,3.57,48.62821375917,16.8
