col0,col1,col2,col3,col4,col5
2MASS J08095939-4859111,-48.9864536952201,J2000.0,2.6048,39000,383.9066
2MASS J08102486-4901495,-49.0304251034031,J2000.0,2.6017,10200,384.3641
2MASS J08092276-4916309,-49.2752548488515,J2000.0,2.5516,27000,391.911
2MASS J08092293-4907575,-49.1326445065698,J2000.0,2.5481,27500,392.4493
2MASS J08091307-4925401,-49.4278439196198,J2000.0,2.5382,32000,393.98
2MASS J08100380-4901071,-49.0186447237409,J2000.0,2.5196,24000,396.8884
