col0,col1,col2,col3
samarium-16,105.04,samarium,-40363.43
amarium-365,103.103,samarium,-44070.848
samrium-164,102.612,samarium,-48053.898
samarium-165,101.505,samarium,-50212.8
samarlum-162,100.2,samarium,-54475.47
samrium-161,99.198,samarium,-56501.946114
samarim-143,81.40499999999999,samarium,-80073.77206399999
samaium-142,79.52,samarium,-79144.44294000001
sanarium-141,78.605,samarium,-75933.909
