col0,col1,col2,col3
V* V425 Cam,4166.6667,12.13,79.4296958273755
V* UZ And,222.2667,2.738,41.749411756266
V* V781 Sco,2384.93,5.976,-11.5329355965776
V* RS Peg,423.6032,8.2,14.5534043682091
V* RZ Mus,714.592,2.42,-70.9621046884558
V* WW Ser,505.7657,11.96,3.6409648754637
V* EH Vul,445.7719,2.698,26.0598278969287
V* RV Peg,288.7836,9,30.4725918602136
