col0,col1,col2,col3
Chaumont,2.78901,624,88
Rockville Centre,8.632185,24023,9
Afton,4.143112,822,305
Amityville,6.39695,9523,6
