col0,col1,col2
zirconium-77,40,76.965604
zirconium-90m2,40,
zirconium-91,40,90.905640223
zirconium-86,40,85.916296815
