col0,col1
ESO 288-7,-46.0887226745589
PGC 70529,-27.816139
[WDK2001] 63112,-27.5753028
ESO 381-48,-36.60083
APG 177,24.6
ESO 140-32,-61.58139
