col0,col1,col2,col3,col4
Wolf 1061,BY Draconis variable,-21.43712,4.2934808,10.001496
Glese 581,BY Draconis variable,-9.568119999999999,6.3243968,10.60224
arnard's Star,BY Draconis variable,-111.57421099999998,1.8284265999999998,9.434911999999999
Gliese 667 ,flare star,5.651599999999999,7.1801914,10.14846
