col0,col1,col2,col3
osmium-203,202.991798,-7640,76
osmium-202,201.98595,-13087,76
osmium-201,200.98364,-15239,76
osmium-200,199.97984,-18779,76
osmium-199,198.97801,-20484,76
osmium-198,197.97441,-23837,76
osmium-161,160.989287,-9979,76
osmium-197,196.97283,-25309,76
