col0,col1,col2,col3
Ponte Pilvio,135.728,,6.017999999999999
Ponte d la Malvasia,11.201189999999999,2.8083999999999993,
Pote dei Frati,6.6798399999999996,2.1126,
