col0,col1,col2
V366 Andromeda.,,25.615697924159562
La Vuerba,0.0,190.90004188271308
Betelfuse,0.01005,89.05931780797299
