col0,col1
[PV96]Cl 1613+3104 518,
PAME NGC 2071-IRS 1,
NGC 916,196.143057105
"VIRTUA PARENT SIP""483.",
WISEPA J05253.33+673952.3,81.889897934
