col0,col1,col2,col3
EG Aqurii,-8.288698574273281,350.6273190199474,19.3965
VY Aquarik,-8.906324167477273,316.130317361835,16.881864999999998
H Ursae Majorjs,66.9386110025211,153.27053823942344,16.081789999999998
