col0,col1,col2,col3,col4,col5
SDSS J105036.09+045608.3,205644,1.1705,162.6503884097915,J2000.0,[CCG2012] U1.28
SDSS J104941.67+151824.7,207135,0.0644,162.4236559509588,J2000.0,Huge-LQG
[VV2006] J103744.9+051834,199260,1.818,159.4370718558496,J2000.0,[CCG2012] U1.28
QSO B1033+051,184333,0.2179,159.1097245886082,J2000.0,[CCG2012] U1.11
QSO B1035+043,187827,0.0056,159.4515291555968,J2000.0,[CCG2012] U1.11
[VV2006] J104012.2+043904,191004,0.1074,160.0506047452143,J2000.0,[CCG2012] U1.11
ICRF J154333.9+045219,11923,0.0844,235.8913593874358,J2000.0,[T2015] nest 100869
