col0,col1,col2,col3
Helge å,4748.9,Sweden,199.4
Ätran,3339.657,Sweden,243.72899999999998
Kuivasoja,33.67722,Finland,5.04
Suseån,452.24999999999994,Sweden,14.865
