col0,col1,col2,col3,col4,col5
KIC 10598558,eruptive variable star,291.2822964172595,992.3588,1.0077,-21.72
BD+37 3318,eruptive variable star,285.6729224572347,393.9645,2.5383,-9.34
BD+36 3541,eruptive variable star,291.0559161380426,580.2483,1.7234,-12.41
TYC 3120-1460-1,eruptive variable star,286.1179950112114,1025.5358,0.9751,-5
