col0,col1,col2,col3
SDSSCGB 69444,39.66389,Canes Venatici,34094
SDSSCGB 67288,21.72917,Hercules,42649
SDSSCGB 63724,40.44833,Hercules,28757
SDSSCGB 64597,25.60917,Hercules,50896
SDSSCGB 63293,34.17333,Hercules,34358
SDSSCGB 68005,38.95972,Hercules,33830
SDSSCGB 69049,40.94694,Hercules,91577
SDSSCGB 70260,44.11861,Hercules,87971
SDSSCGB 67160,40.84,Lynx,37241
SDSSCGB 69806,33.295,Lynx,79466
SDSSCGB 65097,42.57,Lynx,30370
SDSSCGB 71380,39.78306,Lynx,75601
