col0,col1,col2,col3,col4,col5
NGC 4700,192.28395,J2000.0,William Herschel,-11.4098556,1464
NGC 4694,192.0628792,J2000.0,William Herschel,10.983625,1183
NGC 4691,192.056667,J2000.0,William Herschel,-3.332694,1127
NGC 4343,185.9112083,J2000.0,William Herschel,6.9539361,999
NGC 4300,185.4227060285721,J2000.0,William Herschel,5.384834484122,2270
NGC 4237,184.2975860328051,J2000.0,William Herschel,15.3240437924517,864
NGC 4206,183.8200999352421,J2000.0,William Herschel,13.0240050806172,706
NGC 4194,183.540063,J2000.0,William Herschel,54.526646,2464
