col0,col1,col2,col3,col4
SkKM 233,3620,15.6490404586644,red supergiant,-71.8284348763004
Cl* NGC 371 LE 39,4500,16.6986636301186,red supergiant,-72.2699447577629
CW Red 30,3910,296.2227435190127,red supergiant,-14.7612463632548
CW Red 32,3970,296.2227276402613,red supergiant,-14.7646996363071
