col0,col1,col2,col3,col4
GJ 3512,rotating variable star,6.227812,9.470022,8.659332
KOI-314,rotating variable star,-36.547979999999995,66.3888738,9.496494
GJ 1057,rotating variable star,28.130626,8.5403264,14.015000999999998
LHS 2090,rotating variable star,8.586791999999999,6.3600624,16.003400000000003
