col0,col1,col2,col3
NGC 3307,-27.5296868493603,galaxy,Hydra
NGC 3306,12.6525990963625,galaxy,Leo
NGC 3305,-27.1622167,galaxy,Hydra
NGC 3304,37.4556861,galaxy,Leo Minor
NGC 3303,18.1357806,galaxy,Leo
NGC 3302,-32.3585444,galaxy,Antlia
NGC 3301,21.8821667,galaxy,Leo
NGC 3299,12.707527,galaxy,Leo
