col0,col1,col2,col3
SDSS J122740.82+513925.0,51.656934357392,186.9200814085934,-0.00019
V* DV UMa,44.7790793451781,146.6524848952155,-0.00211
V* QW Ser,8.3006947402411,231.5581957565619,0.00022
V* HM Leo,7.2486458974956,144.6540851707309,-0.00019
V* NZ Boo,33.5733343578531,225.6708354010774,0.00138
