col0,col1,col2,col3,col4,col5
BD-19 4288,-20.1366612099398,10.501,rotating variable star,152.0427,6.5771
RX J1600.5-2027,-20.4513886373578,8.827,rotating variable star,62,11.0415
2MASS J16212844-2312110,-23.2030904867334,13.79,rotating variable star,139.9149,7.1472
2MASS J16193396-2228294,-22.4748519939297,11.312,rotating variable star,127.797,7.8249
2MASS J16070373-2043074,-20.7187293309341,14.51,rotating variable star,142.003,7.0421
2MASS J16273956-2245230,-22.7564251406044,11.647,rotating variable star,138.85,7.202
HD 146516,-23.0600346251388,10.143,rotating variable star,137.8208,7.2558
