col0,col1,col2,col3
V* PZ TrA,3000,-68.4367845245686,0.0059
V* CN Aqr,4009,-13.0185365162615,0.1374
V* VZ Aps,3600,-74.0405572578274,2.1568
IRAS 19555-3430,3000,-34.3677111273031,0.3349
ASAS J201515-1536.4,4462,-15.6073360697212,1.0997
V* SV Pav,3000,-70.1852321712491,0.2961
V* V423 Cen,3600,-41.2270535578775,0.792
V* V588 Cen,3200,-39.4681669266097,0.108
