col0,col1,col2,col3,col4,col5
zinc-68,67.924844291,stable isotope,zinc,30,595386.24
zinc-66,65.926033704,stable isotope,zinc,30,578135.712
zinc-67,66.927127482,stable isotope,zinc,30,585188.184
zinc-65,64.929,chemical compound,zinc,30,567077.225
