col0,col1,col2,col3,col4,col5
HD 296528,-5.2258575068446,0.4019,-0.752,106.8111381727675,69
HD 295852,-3.7629574957112,0.3203,-0.923,104.4647796249328,45
WRAY 15-5,-38.1754192703122,1.7742,-9.539,106.1985984401649,-4.36
[MA93] 1752,-72.4134977266258,0.0529,-1.199,17.954653061009,155
[MA93] 1829,-73.2965464489627,0.0562,-1.266,19.1151261398574,220
[MA93] 1620,-72.4279669117631,0.0342,-1.243,16.8082711051598,155
NGC 1960 47,34.1342398790057,0.6909,-3.461,84.0300206858061,-13
WRAY 15-172,-55.2717543429851,0.4986,-3.864,122.4569723564861,33.92
