col0,col1,col2,col3,col4
NGC 5102,-36.630107126169,467,John Frederick William Herschel,0.2652
NGC 4965,-28.2282761538028,2263,John Frederick William Herschel,0.9576
NGC 4635,19.9452862216269,952,John Frederick William Herschel,0.4716
NGC 3903,-37.5171896495453,2959,John Frederick William Herschel,0.2467
