col0,col1,col2,col3
ICRF J200755.1-443444,0.197,301.9799293312661,0.24
2MASX J11051801+0053280,0.694,166.3249664977284,0.09768
2MASS J14433979+0614200,0.002,220.915857154003,0.25091
2MASS J09384896+2451495,0.607,144.7041436588085,0.14962
2MASS J10150608+2403455,-1.022,153.7754334686346,0.21171
SDSS J163006.60+251356.0,0.991,247.5274964387601,0.26981
