col0,col1,col2,col3
V* V1182 Ori,27.894588,3760,-5.2440987422146
V* V2260 Ori,23.457708,4652,-5.5553131057672
V* V2235 Ori,23.868343,3786,-5.4154147513607
V* V489 Ori,26.410954,4136,-5.2605336701625
V* V1579 Ori,21.35354,3339,-5.1070312751328
V* V2487 Ori,24.843216,4241,-5.2312856339493
