col0,col1,col2,col3,col4,col5
2MASS J14023175+0148301,1.8084189825968,42.6847,-251.073,20.409,J2000.0
2MASS 1503+2525,25.4221592493107,6.4549,87.722,13.856,J2000.0
2MASS J15024082+6138158,61.6377444,61.1,-98,15.38,J2000.0
2MASS J14540797-6604476,-66.07984555635639,10.7268,-356.243,11.721,J2000.0
2MASSW J1449378+235537,23.9271978956548,52.3,17.7,14.311,J2000.0
2MASS J14482563+1031590,10.5330603985293,14.0341,-115.499,23.31,J2000.0
