col0,col1,col2,col3
[DMG2011] HCG90 UCD3,star cluster,2536,-31.954306
[DMG2011] HCG22 UCD14,star cluster,2905,-15.605194
[DMG2011] HCG22 UCD10,star cluster,2755,-15.641389
[DMG2011] HCG22 UCD5,star cluster,2665,-15.615861
[DMG2011] HCG22 UCD12,star cluster,2549,-15.621056
[DMG2011] HCG22 UCD6,star cluster,2654,-15.62375
