col0,col1,col2,col3,col4
V* V576 Lyr,-0.12,6777,41.9484299110991,J2000.0
V* AI Sex,0.14,7006,1.419383,J2000.0
V* NR Peg,-1.14,5091,16.1574137837328,J2000.0
2MASS J19412199+4012020,-0.15,4752,40.2005780859915,J2000.0
