col0,col1,col2
zirconium-87,40,86.914817339
zirconium-80,40,79.941642
zirconium-83,40,82.929240925
zirconium-106,40,105.937144
