col0,col1,col2,col3
SDSSJ164217.24+402231.5,919.3797,0.0001007,15.067164
SDSS J121530.12+143845.2,902.2764,-0.0002388,15.49504
Glkese 450,8.7000702,0.221884,9.870613999999998
2MASS J12020166+158375,173.1115386,0.00015920000000000002,14.715509999999998
SDSS J120006.43+3206473,186.2747024,-4.02e-05,15.541443000000001
SDSU J103817.12+424512.6,443.61839999999995,6.0299999999999995e-05,15.694560000000001
SDSS J102401.79+565743.4,197.70649999999998,0.0,15.132287999999999
SDSS J11257.36+142627.2,279.8692,0.00014925,13.523898
