col0,col1,col2,col3
BD-20 25:9,129.1861431219264,2879.7,-30.30879
BD+85 156,155.3264328066413,1.994,-3.4389049999999997
TYE 29-820-1,27.327308047547994,1848.84,-1.074408
BD+05 279,31.044281143198205,212.93,-22.288936
BD-04 6010,238.23165405291007,1144.25,2.61476
BF+04 4833,336.74105891664,97.51,-5.053872
