col0,col1
yttrium-99,98.924154288
yttrium-102m,
yttrium-86m1,
yttrium-102,101.934327889
yttrium-82m1,
