col0,col1,col2,col3,col4
V* AH Ant,-22.303,8.4,SRD semi-regular,163.3119547367853
RX J2346.7+1033,-24.813,11.29,rotating variable star,356.6812405647788
V* V1257 Cen,-34.178,11.68,rotating variable star,192.7143212316591
CD-35 4072,-29.807,10.932,rotating variable star,119.7412640403056
CPD-43 1859,-25.425,11.447,rotating variable star,117.8684665711576
V* IN Vir,-142.691,9.131,rotating variable star,201.1006512285105
