col0,col1,col2,col3,col4,col5
[GHG2001] 52,18.55,Canes Venatici,NGC 4449,187.0667131232727,-1.069
[JSD2015] AP 2013,16.3,Andromeda,Andromeda Galaxy,11.6353250169098,-1.298
[JSD2015] AP 925,19.61,Andromeda,Andromeda Galaxy,11.19420282839,-2.687
[JSD2015] AP 2027,22.72,Andromeda,Andromeda Galaxy,11.2683499290101,-1.538
