col0,col1,col2,col3
FV Sco,-32.8525643074659,0.641,eclipsing binary star
HD 144432,-27.7193772268271,6.4371,Herbig Ae/Be star
16 Persei,38.3186411175,27.5439,Delta Scuti variable
S Cep,78.6245004423554,1.8831,Mira variable
