col0,col1,col2,col3,col4,col5,col6
Cl* NGC 2264 LBM 5779,9.5209489648817,493.7296,0.8,-10.392,2.0254,Monoceros
ESO-HA 511,9.0904611068015,784.7446,9.4,-4.458,1.2743,Monoceros
ESO-HA 417,10.2836102898682,672.3593,3.9,-3.173,1.4873,Monoceros
[MRD2012] 2661,-5.6295930619817,414.0101,26.128,0.157,2.4154,Orion
Haro 4-288,-5.9172689481935,1396.453,16.264,4.941,0.7161,Orion
