col0,col1,col2,col3
sodium-25,24.989953973,202534.925,11
sodium-24,23.990963011,193523.712,11
sodium-23,22.989769282,186564.339,11
sodium-22,21.994437418,174144.674,11
