col0,col1,col2,col3,col4,col5
BD+46 3471,IC 5146,47.2287779309678,1.2899,10.15,775.2539
2MASS J10445220-5944212,Carina Nebula,-59.7392298033675,0.3734,12.662,2678.0932
Cl* Trumpler 14 Y 555,Carina Nebula,-59.5685908152759,0.3934,13.895,2541.942
Cl* Trumpler 14 VBF 93,Carina Nebula,-59.5767332257304,0.4532,13.561,2206.5313
Cl Trumpler 16 242,Carina Nebula,-59.6956759644308,0.3828,12.848,2612.3302
