col0,col1,col2,col3,col4
zinc-59,58.949312017,499952.843,nickel-58,-1
zinc-71,70.92771958,616921.911,gallium-71,-1
zinc-62,61.934333477,538119.266,copper-62,1
zinc-60,59.94184145,514983,copper-60,1
