col0,col1,col2,col3
V* SS Lyr,688.1839,11.71,46.9821697296226
V* OY Tel,470.8098,10.19,-52.8566106485547
V* V427 Cam,1177.4402,10.8,70.5709768338612
V* BK Sge,521.3764,4.225,16.3607534765337
V* UW Vol,880.034,13.47,-74.1927728014179
