col0,col1,col2,col3,col4,col5,col6,col7
V760 Sco,-18.073,-34.8937597270434,Upper Scorpius,7.05,0.5,J2000.0,3.3873
MS CMa,-3.759,-30.4353619110621,C 0712-310,7.146,26,J2000.0,1.112
V1290 Sco,-1.464,-41.6212489941783,NGC 6231,7.98,-39.6,J2000.0,0.7371
HD 152219,-2.277,-41.8809714855662,NGC 6231,7.552,-27.2,J2000.0,0.6441
