col0,col1,col2,col3,col4,col5
TYC 3558-39-1,-0.04,6886,rotating variable star,298.3631938206149,1.7353
TYC 3148-1427-1,-0.37,7080,rotating variable star,296.127541239307,1.7183
TYC 3547-470-1,-0.1,6943,rotating variable star,289.7338834157013,1.993
TYC 3126-2522-1,-0.02,6881,rotating variable star,280.9882911270481,2.081
