col0,col1,col2,col3
SDSS J134441.83+204408.3,20.7357256406619,1.6936,206.1743068407317
RX J0649.8-0737,-7.628023358074,1.6358,102.4621696280694
AM Herculis,49.8679888503208,11.3953,274.0552277257422
UZ Fornacis,-25.73937933412028,4.1736,53.86938153259208
