col0,col1,col2,col3
V* V1562 Ori,25.302248,3334,-5.4928225828251
V* V358 Ori,23.14,4465,-5.5131925286663
V* V2521 Ori,28.499012,4142,-4.8366186265613
V* V1724 Ori,25.2224,3233,-5.0779803933863
