col0,col1,col2,col3,col4,col5,col6
CSIMon-007533,13.322,Gamma Doradus variable,Gamma Doradus variable,100.1026241030653,10.1394285070362,1.1
KIC 6953103,11.673,Gamma Doradus variable,rotating variable star,293.2134941760984,42.4795847795557,141
HD 144729,9.16,Gamma Doradus variable,rotating variable star,242.0437751312995,-23.8506702386576,72
KIC 10080943,11.65,Gamma Doradus variable,rotating variable star,294.1137660376733,47.0839310838709,129
