col0,col1,col2,col3
CSO 1155,29560,-9.165,39.048454672346
PG 1119+377,35493,-7.818,37.4480335386889
PG 1524+611,34380,-22.317,60.8896036727241
PG 1544+601,29060,-12.69,59.9180791903483
