col0,col1,col2,col3,col4,col5
titdnium-63,22.11,495018.972,vanadium-62,41.164,titanium
titnium-63,22.197999999999997,499655.52,vanadium-61,39.96,titanium
titnium-61,21.868,495900.29299999995,vanadium-60,39.351,titanium
tianium-60,22.0,489420.0,vanadium-60,37.772,titanium
titanium-89,22.0,485477.016,vanadium-59,37.148,titanium
ttanium-58,21.823999999999998,480109.848,vanadium-57,36.288,titanium
titanlum-57,22.044,474385.24455,vanadium-56,35.245,titanium
