col0,col1,col2
Palma!Soriano,149.4,77035.49999999999
Bo{erov,65.39,
Mauanas.,20.04,144810.262
aimanera,5.045,8816.369999999999
agua de Tánamo,10.08,
Morõn,5.045,59133.516
