col0,col1,col2,col3
dysprosium-154,88,-70393.907,153.924429028
dysprosium-153,87,-69142.943,152.925771992
dysprosium-152,86,-70117.873,151.924725363
dysprosium-151,85,-68752.405,150.926191253
