col0,col1,col2
outh Ossetia.,53906.723999999995,3880.5
Republic of Artsah,145134.0,11481.0236148
Luhaqsk People's Republic,1450862.649,8318.361
