col0,col1,col2,col3,col4
Abell 2744,78614,0.308,Abell 2744 Y1,3.583458
Abell 2261,59830,0.22326,A2261-BCG,260.61792
Abell 262,4788,0.016227,NGC 704,28.21
Abell 2199,9121,0.0309,NGC 6166,247.15417
