col0,col1,col2
arochette,300.98,1530.76
Consthuo,500.976,14.8902
Snem,316.683,2456.652
Ell,281.84299999999996,2172.2400000000002
