col0,col1,col2
SMS Viribus Uitis,27.5184,152.2
USS Norh Carolina,33.264,220.5453
MS Kaiser,29.202999999999996,172.2276
Rihelieu,33.27848,248.976
Japanese bttleship Tosa,29.989900000000002,
S König Albert,29.202999999999996,173.7792
