col0,col1,col2,col3,col4,col5
PGC 55844,10569,0.2482,235.6742152941606,J2000.0,[T2015] nest 100595
NGC 4235,2423,0.158,184.2911850951532,J2000.0,[CHM2007] LDC 904
IC 756,6279,0.0626,180.7408790306045,J2000.0,[CHM2007] LDC 861
NGC 7213,1763,0.8341,332.3175444303696,J2000.0,[CHM2007] LDC 1508
