col0,col1,col2,col3,col4,col5
neodymium-351,1232828.903424,-70730.159036,neodymium,59.4,12.365359999999999
neodymixm-144,1193081.38416,-84166.696785,neodymium,59.7,2306030000000000.0
neodymium-148,1220125.020282,-77365.28052,neodymium,59.519999999999996,11.078819999999999
neodymium/150,1231249.3672500001,-73753.434755,neodymium,59.4,7.907899999999999e+18
