col0,col1,col2,col3
gallium-69,601995.951,68.925573531,-1
gallium-68,591682.824,67.927980221,1
gallium-71,618949.884,70.924702536,-1
gallium-67,583404.577,66.928,-1
