col0,col1,col2,col3,col4,col5,col6
SDSS J172132.54+632255.7,J2000.0,63.3821456666293,Draco,33.58,-1.613,260.3855870155402
SDSS J174340.80+535439.0,J2000.0,53.9108431437977,Draco,42.11,-2.066,265.9200191128235
SDSS J151851.08+341719.7,J2000.0,34.2888146877507,Boötes,48.85,-2.611,229.7128591829115
SDSS J144644.01+514534.5,J2000.0,51.7596173456348,Boötes,30.63,-1.546,221.6833894020653
