col0,col1,col2,col3,col4
SDSS J120805.52-002808.2,Virgo,-11.007,1.6208,182.0229864385461
SDSS J120809.16+034437.1,Virgo,-30.733,4.5906,182.0381644058228
SDSS J120958.73+011337.4,Virgo,-83.952,4.9238,182.4946755113332
SDSS J100308.54+034341.2,Sextans,0.268,1.4344,150.7856010744006
SDSS J103549.54+051401.9,Sextans,-8.407,1.3876,158.9564123208692
SDSS J104631.75+321709.3,Leo Minor,-7.992,2.7324,161.6323039720706
SDSS J102154.17+340138.6,Leo Minor,-40.469,2.1252,155.4757251653943
