col0,col1,col2,col3,col4,col5,col6
niobium-82,yttrium-81,81.944079,1,681830,-52090,50
niobium-94,molybdenum-94,93.907278992,1,812996.694,-86369.062,20300
niobium-100,molybdenum-100,99.914333963,1,854852.9,-79797.399,1.5
niobium-95,molybdenum-95,94.906831115,1,821485.14,-86786.258,34.991
