col0,col1,col2,col3,col4,col5,col6
2QZ J112555.7-001638,171.4821300650801,cataclysmic binary candidate,1.9273,-0.2773768766612,J2000.0,18.6
SDSS J090744.63+463050.4,136.9359698247421,cataclysmic binary candidate,1.6381,46.5140154371371,J2000.0,19.743
2QZ J225647.8-274325,344.1993555702813,cataclysmic binary candidate,0.7389,-27.7236842646941,J2000.0,14.761
SBSS 0755+600,119.859970042893,cataclysmic binary candidate,2.2995,59.8975726034391,J2000.0,16.55
