col0,col1,col2,col3,col4
thallium-189,81,188.973573527,1486725.03,mercury-189
thallium-188,81,187.976020886,1476373.964,mercury-188
thallium-187,81,186.975904743,1468410.768,mercury-187
thallium-186,81,185.978650841,1457781.51,mercury-186
thallium-185,81,184.978789191,1449581.375,mercury-185
thallium-184,81,183.981875093,1438635.464,mercury-184
thallium-183,81,182.982192846,1430268.159,mercury-183
thallium-182,81,181.98569188,1418937.52,mercury-182
