col0,col1,col2,col3,col4
[T2015] nest 202077,-51.935,J2000.0,269.8499,interacting galaxies
[T2015] nest 202951,5.2488,J2000.0,74.8086,interacting galaxies
[T2015] nest 101947,-2.66258,J2000.0,202.94431,interacting galaxies
[T2015] nest 201760,-28.61745,J2000.0,31.79145,interacting galaxies
[T2015] nest 101953,-27.10627,J2000.0,182.94737,interacting galaxies
[T2015] nest 202640,5.6587,J2000.0,72.8415,interacting galaxies
[T2015] nest 202165,20.30798,J2000.0,1.78149,interacting galaxies
