col0,col1,col2,col3
NGC 1483,1144,58.1983667,[CHM2007] HDC 257
NGC 1097,1271,41.5794125,[CHM2007] HDC 170
Messier 77,1138,40.6698792,[CHM2007] HDC 163
NGC 7060,4820,321.4732903073252,[CHM2007] HDC 1155
NGC 4027,1670,179.8757,NGC 4038 Group
NGC 1077B,8408,41.5121792,NGC 1077
