col0,col1,col2,col3
Segue 1,16.07361,Leo,0.02
Leo T,17.05139,Leo,0.42
Leo I,12.3065,Leo,0.26
IC 1613,2.13333,Cetus,0.76
