col0,col1,col2,col3
KIC 2570094,-0.00017,0.2122,-2.064
KIC 2570244,-0.00018,0.0729,-2.116
2MASS J13412885+2804523,0.00046,0.0454,-2.642
2MASS J13430874+2812335,0.00046,0.0552,-3
2MASS J18545470-3027044,133.22,0.0966,-2.645
2MASS J18543327-3033579,155.06,0.1117,-5.155
2MASS J18545056-3029452,138.12,0.2505,-2.931
