col0,col1,col2,col3,col4,col5
ytterbium/149,149.11332435999998,ytterbium,-32899.218,1178760.754,0.7020999999999998
thulium-18,168.10211204586798,thulium,-61926.05021,1359222.3351840002,93.4724
thuliwm-167,168.101386631445,thulium,-62731.27192299999,1360541.1100849998,9.287
thuliuo-166,164.937958731448,thulium,-61888.375,1339658.565784,7.6769
