col0,col1,col2,col3
OGLE 2013-SN-49,Hydrus,-73.1531673607996,19.042
NAME AT 2019flz,Lepus,-26.847664,18.956
NAME AT 2019flq,Columba,-30.38139,21.545
NAME AT 2019fly,Columba,-31.669159,21.305
NAME AT 2019fnj,Columba,-31.46431,22.086
NAME AT 2019fnw,Columba,-34.805273,21.512
NAME AT 2019fln,Columba,-35.994405,19.511
NAME AT 2019flr,Columba,-35.149825,20.791
NAME AT 2019fls,Columba,-30.47399,20.581
NAME AT 2019fne,Columba,-33.403834,21.397
NAME AT 2019fnf,Columba,-29.319263,20.68
