col0,col1,col2,col3,col4,col5
Haro 4-451,-6.8774963103003,J2000.0,2.2597,7280,442.5366
Haro 7-1,-7.8388014263506,J2000.0,2.5099,19450,398.4222
[MB91] 31,-7.184764140254,J2000.0,3.0207,3940,331.0491
Haro 4-248,-7.0905042021967,J2000.0,2.5676,10520,389.4688
Haro 4-255,-7.4456898533882,J2000.0,2.4729,20100,404.3835
2MASS J05370032-0525085,-5.4190453132389,J2000.0,2.4142,2950,414.2159
2MASS J05333076-0513520,-5.2311031291944,J2000.0,2.7123,9750,368.6908
2MASS J05344500-0455593,-4.9331314930934,J2000.0,2.6686,26300,374.7283
HD 3821A,-7.23260910448417,J2000.0,37.7418,33000,26.4958
