col0,col1,col2,col3,col4,col5,col6
[BGK2006] HV 4,1780000,-1.254,J2000.0,138.2541789602027,7049,59
Mu Virginis,23000,-311.829,J2000.0,220.76509509083,6777,18.2504
OM 103,43,-17.52,J2000.0,136.0121939600599,4426,1277.3023
CD-67 169,210,24.661,J2000.0,47.4773711505347,4689,608.2725
