col0,col1,col2,col3,col4
V* GG Dra,-0.26,6782,52.9908539485465,J2000.0
KIC 7431703,-0.19,6731,43.0987296262609,J2000.0
KIC 10275747,-0.02,7384,47.3644573689064,J2000.0
TYC 3129-1771-1,-0.04,7272,42.5022843106017,J2000.0
