col0,col1,col2,col3,col4,col5,col6
[RP2006] J053745-671153,Dorado,84.4401439247907,197.4295,-67.198106734564,291.9,Large Magellanic Cloud
Dumbbell Nebula,Vulpecula,299.9015133717808,376.2935,22.7211978791566,-42,Orion Arm
Little Dumbbell Nebula,Perseus,25.58191862820125,2500,51.57543142582611,-23.6,Orion Arm
Ring Nebula,Lyra,283.39623732134754,786.968,33.02913420728361,-19.1,Orion Arm
