col0,col1
1972 Summer Oympics,120.879
1968 Sumner Olympics,111.776
1964 Summes Olympics,93.558
1960Summer Olympics.,83.08299999999998
1976 Summer Olympics,72.50399999999999
