col0,col1,col2,col3
HD 42004,92.0160262302393,9.65,1.1461
HD 288309,89.0729146901345,9.16,2.5018
HD 39398,88.1547349417772,8.47,2.4394
BD+61 315,25.9306826744033,9.54,0.2381
