col0,col1,col2,col3
rhenium-165,1303751.13,0.5,164.967085375
rhenium-163,1282950.995,0.5,162.972085441
rhenium-162,1271376,2,161.975844
rhenium-161,1261646.232,0.5,160.977627121
