col0,col1,col2,col3
NGC 3109,-26.1595722,150.7786542,1.34
NGC 55,-39.1966278,3.7233417,1.94
NGC 54,-7.106775,3.781975,71.6
NGC 52,18.5819861,3.6670875,89.95
