col0,col1,col2,col3,col4,col5,col6,col7
ASAS J180644-4752.3,-10.37,271.6838735530797,long period variable,3,Mira variable,6353.19,J2000.0
IRAS 19326-0644,50.496,293.8369388264064,long period variable,24,Mira variable,3800.02,J2000.0
V* AD Hya,161.69,146.0267504002663,long period variable,3,Mira variable,2224.97,J2000.0
V* BU Cha,29.08,205.7503104209529,long period variable,5,Mira variable,6294.03,J2000.0
V* BT Cha,-56.46,202.0971057312077,long period variable,3,Mira variable,2387.93,J2000.0
ASAS J113454-4845.3,47.25,173.7242526342117,long period variable,760,Mira variable,1442.1,J2000.0
V* V845 Aql,-16.91,307.3396162043676,Mira variable,3,Mira variable,1718.35,J2000.0
