col0,col1,col2,col3,col4,col5
V* V990 Ori,-0.207,14.818,405.4164,24.823034,7740
V* V782 Ori,0.569,16.712,397.251,26.665638,16630
V* V863 Ori,0.376,16.851,378.6014,25.989191,13580
V* V1132 Ori,0.544,17.197,359.3761,27.552149,42800
