col0,col1,col2,col3,col4
SV* HV 1685,3607,14.1101336761394,red supergiant,-73.473141376044
SV* HV 1475,4499,12.3523318300534,red supergiant,-73.3038096897216
RMC 29,4334,15.8273513155409,red supergiant,-72.1128055572557
[K67] V32,3880,296.1991624202528,red supergiant,-14.8480723666249
SkKM 96,4308,13.1593774826487,red supergiant,-72.3550512973404
SkKM 147,3612,14.0632956137943,red supergiant,-71.8753238327725
