col0,col1,col2,col3
SDSS J154936.71+052913.1,1.0726,237.4029686320755,[SPD2011] 25441
2MASS J17131029+3903278,0.0593,258.2929133407079,[SPD2011] 24834
2MASX J06010564-2611095,0.0383,90.2736508667846,[T2015] nest 202134
2MASX J09251786-3405567,0.2399,141.3244434568605,[CHM2007] LDC 683
