col0,col1
ESO 91-5,-64.587611284498
NGC 7119-2,-46.5184421853209
ESO 497-41,-25.19778
NGC 6438A,-85.40417
NGC 3509,4.8286130254509
ESO 237-39,-47.3729382919006
