col0,col1,col2,col3,col4
GALEX 2697209779426690028,-3.28434122001806,10000,217.95,4.5882
GALEX 2692671021197034339,-3.96172892084028,10000,228.087,4.3843
GALEX 2697350542684852753,-6.76660500503111,20000,182.705,5.4733
GALEX 2679863883986896091,41.71220994108028,10000,222.099,4.5025
GALEX 2667760468578274084,-8.55205565522028,11000,197.289,5.0687
