col0,col1
roboucis monkey,25.024700000000003
sila deer,26.484099999999998
Addax nasomaculatxs,28.056
suriped hyena,24.8
Ovibos moscatus,27.153399999999998
Bos javanius,27.262600000000003
