col0,col1
Imperial Couovy.,182302.29
Caqe Fear,286762.71499999997
Moroe County,151127.87999999998
Monroe ounty,168318.036
illsborough Count,399945.15
