col0,col1,col2,col3,col4,col5,col6,col7
HD 268757,yellow supergiant,1.37,10.157,0.015,-69.2101232585954,73.5594001323911,4817
HD 6474,yellow supergiant,0.3015,7.6,-2.077,63.7731646256921,16.7489176115599,6275
HD 18391,yellow supergiant,0.6121,6.89,-1.211,57.6632419620157,44.953010351961,5750
Phi Cassiopeiae,yellow supergiant,0.246,4.98,-1.556,58.2316146203123,20.0204775756484,7163
