col0,col1,col2,col3
phosphorus-40,319231.84,125,39.991288865
phosphorus-39,315820.791,0.28,38.986285865
phosphorus-38,309596.412,0.64,37.984303105
phosphorus-37,305899.535,2.31,36.979606956
phosphorus-36,299083.248,5.6,35.978259619
