col0,col1,col2,col3,col4,col5
2MASS J05351914-0604377,Orion,LDN 1641,8970,3254,29.18339
2MASS J05343875-0608229,Orion,LDN 1641,9750,3257,26.357838
2MASS J05360935-0617107,Orion,LDN 1641,11940,3492,25.431837
2MASS J05343625-0604515,Orion,LDN 1641,8690,3348,25.39587
2MASS J05344897-0607449,Orion,LDN 1641,10300,3459,22.634033
V* V2029 Ori,Orion,LDN 1641,6490,3444,24.19881
2MASS J05365023-0648582,Orion,LDN 1641,10700,3259,21.235462
ESO-HA 1293,Orion,LDN 1641,10960,3339,22.284056
V* V2657 Ori,Orion,LDN 1641,5980,3174,23.370308
