col0,col1,col2,col3
samarium-16,74.0,samarium,-66343.21377
samarium-15,72.635,samarium,-62794.35778499999
samarium/134,72.144,samarium,-61130.496
samarum-133,70.929,samarium,-57803.31
amarium-132,70.07,samarium,-55464.55299999999
smarium-131,69.06899999999999,samarium,-49982.601
samarkum-130,68.272,samarium,-47410.988
samariwm-129,67.469,samarium,-42000.0
