col0,col1,col2,col3
V* V490 Cep,-2.205,324.8778765006503,56.9862283257545
[BE74] 595,2.05,82.8147523929036,-70.8968559169718
CXOU J031821.2-662858,,49.58867,-66.48286
