col0,col1,col2,col3
2MASS J19410695+4117026,0.8295,295.2789392539164,Algol variable
CD-44 14768,2.0132,331.680509297247,Algol variable
OGLE LMC-ECL-21645,0.1505,84.7985334154902,eclipsing binary star
OGLE LMC-ECL-20732,0.2925,84.2809459447478,eclipsing binary star
OGLE LMC-ECL-24262,0.1153,86.8609573227384,eclipsing binary star
OGLE LMC-ECL-18883,0.5808,83.2448196098354,eclipsing binary star
OGLE LMC-ECL-21610,0.3533,84.774101105838,eclipsing binary star
