col0,col1,col2,col3,col4,col5,col6
NGC 2619,0.01157,129.3862283013393,0.368,galaxy,[TSK2008] 2331,William Herschel
NGC 1853,0.004683,78.068721390186,0.419,galaxy,[TSK2008] 947,John Frederick William Herschel
NGC 1892,0.00454,79.2875939957397,-1.447,infrared source,[CHM2007] HDC 358,John Frederick William Herschel
NGC 7568,0.028043,349.1037518468854,-3.983,infrared source,[T2015] nest 200167,Heinrich Louis d'Arrest
NGC 1892,0.00454,79.2875939957397,-1.447,HI (21cm) source,[CHM2007] HDC 358,John Frederick William Herschel
NGC 7568,0.028043,349.1037518468854,-3.983,HI (21cm) source,[T2015] nest 200167,Heinrich Louis d'Arrest
