col0,col1,col2,col3
EM* StHA 32,69.4401298010469,J2000.0,325.11
CD-28 3719,105.2881478134883,J2000.0,69.15
EM* AS 373,299.2709102417692,J2000.0,-68.5
WRAY 16-148,213.5392177566578,J2000.0,8
