col0,col1,col2
TSRoyalist,13.026,
Antiga,49.599,3.2287999999999997
Enez Gaz,5.8764,
"Malcolm""Miller",45.497279999999996,
