col0,col1,col2,col3
PN ShWi 5,270.9737119718834,J2000.0,-92
V* BF Cyg,290.9729207482329,J2000.0,3
[RP2006] J052016-684510,80.070167,J2000.0,304.5
MACHO 14.9222.24,84.3812958329226,J2000.0,289.3
[RP2006] 883,83.9870558727706,J2000.0,282.7
[RP2006] J051956-703903,79.986542,J2000.0,319.2
