col0,col1,col2,col3
PG 1104+243,24.0530814231738,hot subdwarf star,-17.08
Feige 36,24.6618588498392,hot subdwarf star,-0.8
Ton 299,32.5165080932637,hot subdwarf star,-39
GD 656,-19.9998111687515,hot subdwarf star,-26.5
PHL 25,-17.310995830355,hot subdwarf star,20.86
SBSS 1231+494,49.1744596181974,hot subdwarf star,-178.2
