col0,col1,col2,col3
PGC 67844,[CHM2007] LDC 1493,-37.7732986179047,330.3211063212595
NGC 6812,[CHM2007] LDC 1383,-55.3468888774559,296.3509722445422
IC 4374,[CHM2007] HDC 851,-27.017859213778,211.874009352167
NGC 4945,[CHM2007] HDC 790,-49.4679,196.3636625
