col0,col1,col2,col3,col4
scandium-41,40.969251104,21,343137.118,596.3
scandium-40,39.977967292,21,326946.76,182.3
scandium-39,38.98478497,21,312524.784,300
scandium-47,46.952402704,21,407259.23,3.3492
