col0,col1,col2,col3
[DCL88] 119A,-37.72175,13.765583,16.7
MCSNR J0103-7247,-72.78972,15.87167,16.6
BCLMP 48,30.678667,23.423542,15.1
SNR B013042+30182,30.559278,23.380167,20.25
[JWM2012] BW-77,41.5300527828122,11.2270039842256,15.852
WISE J033743.02+504547.6,50.7646,54.4309,18
[BWL2012] 157,-29.8967834045892,204.2682775228424,20.3002
ELAISC15 J160724+544329,54.725028,241.85075,15.937
[LB2005] NGC 3031 X6,69.068771,148.790792,18.13
