col0,col1,col2,col3
Al Jadcm,2008.989,2045.72,2018.0159999999998
Al Jaeal,2162.944,3195.1919999999996,3006.804
Al Jabdlayn,1598.109,5654.648999999999,6257.932
