col0,col1,col2,col3
HD 145501,-19.4502267,HD 145501A,-35.1
CD-32 11456,-32.649014177,HD 144927,-31
HD 135737,-67.481526197,HD 135737A,-10.19
CCDM J17436-5701AB,-57.022151247,CPD-56 8405A,-11.28
BD+09 2882,8.44662087,HD 126129,-75.89
HR 5362,-43.058843236,TYC 7813-3604-1,-10.26
2 Serpentis,-0.1402944,HD 132933A,-15.63
BD+09 2882,8.44662087,HD 126128,-75.89
HD 17332,19.371817852,HD 17332B,-161.81
