col0,col1,col2,col3,col4
NGC 6146,J2000.0,elliptical galaxy,Abell 2199,246.2930212371174
NGC 6338,J2000.0,galaxy,[CHM2007] LDC 1248,258.8457
NGC 5003,J2000.0,galaxy,[T2015] nest 101242,197.1579
NGC 4187,J2000.0,galaxy,[T2015] nest 100425,183.3720004239085
