col0,col1,col2,col3,col4
V* FO Aql,0.12695007088833,dwarf nova,2.0471,Aquila
V* VY Aqr,-8.8268822274304,dwarf nova,7.2357,Aquarius
V* V650 Ori,9.7576324921432,dwarf nova,2.4813,Orion
GD 552,63.47731474418195,dwarf nova,12.3473,Cepheus
SDSS J122740.82+513925.0,51.656934357392,dwarf nova,2.7458,Canes Venatici
