col0,col1,col2,col3,col4
V* AI Lep,-11.889,8.95,rotating variable star,85.0863828093169
V* BY Cet,33.893,9.597,rotating variable star,41.8621385720001
V* HK Boo,-109.149,8.556,rotating variable star,217.2549173586409
HD 185510,-27.822,8.235,rotating variable star,294.9117447764083
V* LO Eri,-12.859,10.759,rotating variable star,57.6284285242682
TYC 8517-957-1,15.827,11.43,rotating variable star,76.4020075457282
BD-19 2531,-10.848,10.509,rotating variable star,131.9834816846506
V* V457 Vir,-21.62,8.475,rotating variable star,198.2232393941202
