col0,col1,col2,col3
MCG+00-33-003,131.22,-1.2827444694491,190.762529551471
2MASX J21504675+1406369,135.9,14.11025,327.694825
2MASX J13381473+1115043,252.35,11.2512282224882,204.5614624736612
2dFGRS TGN156Z174,181.1,-4.082154544561,154.3200847103319
IRAS 04385-0828,61.47,-8.3728133185367,70.2290040878445
2MASX J04532576+0403416,127,4.0616111264434,73.3572476527478
ESO 404-32,61.94,-34.10611,332.11792
2MASX J02384313-6117227,240.8,-61.289549938917,39.6796395516862
