col0,col1,col2,col3,col4
NGC 7030,-20.4857956206911,8832,Francis Preserved Leavenworth,1.5174
NGC 6315,23.2235801876032,6649,Albert Marth,0.4473
NGC 7267,-33.6941035542098,3354,John Frederick William Herschel,0.6483
NGC 5964,5.9739837643388,1446,John Frederick William Herschel,0.2798
