col0,col1
yttrium-76,75.95869
yttrium-90m,
yttrium-85,84.916433039
yttrium-104,103.94196
