col0,col1,col2
Chichaqua,323.60999999999996,28091.952
Berechid,214.704,137317.16999999998
idar,362.724,15096.104999999998
