col0,col1,col2,col3,col4
neogymium-144,0.997,0.0,143.19054240067499,84.504
neodymjum-167,-0.999,2.4825,147.65068654004997,86.391
ngodymium-150,1.005,0.0,151.270189638725,89.46
neodymixm-45,-0.996,3.5244999999999997,143.89819114460698,85.59499999999998
