col0,col1,col2,col3,col4,col5
[TSK2008] 1174,0.006328,20.32,1891,J2000.0,NGC 7743
NGC 5679 Group,0.02888,124.9,8695,J2000.0,NGC 5679
Arp 104,0.010817,42.1,3243,J2000.0,NGC 5218
NGC 5679 Group,0.02888,124.9,8695,J2000.0,NGC 5679A
