col0,col1
SDSS J094300.28+182421.4,0.14362
SDSS J110007.86+500846.2,0.02376
SDSS J083617.67+162407.0,0.18794
SDSS J023153.45+002251.8,0.19685
SDSS J135528.18+092441.4,0.18257
SDSS J135712.75+061316.1,0.11289
