col0,col1,col2,col3
2MASS J18190585-1343424,Eagle Nebula,Serpens,-13.7284965457538
2MASS J18192383-1346414,Eagle Nebula,Serpens,-13.7781745046167
2MASS J18183865-1341571,Eagle Nebula,Serpens,-13.6992139
2MASS J18184882-1346378,Eagle Nebula,Serpens,-13.7771793412671
2MASS J18192075-1350144,Eagle Nebula,Serpens,-13.83735
2MASS J05371537-0230534,NAME sigma Orionis Cluster,Orion,-2.514839217064
2MASS J05341141+0942079,Collinder 69,Orion,9.7021998086288
2MASS J05372761-0257100,NAME sigma Orionis Cluster,Orion,-2.9527889509743
