col0,col1,col2,col3,col4
arsenic-82,selenium-82,81.924738733,706135.948,-70105.419
arsenic-68,germanium-68,67.93677413,581926.66,-58894.519
arsenic-76,germanium-76,75.92239201,659894.016,-72291.377
arsenic-72,germanium-72,71.926752295,623547.216,-68229.798
