col0,col1,col2,col3,col4,col5
NAME IRAS F16419-230,-23.1955253371598,1.3553,-0.271,251.2468062008441,-14.35
DoAr 47,-23.4796815369736,0.5923,-4.147,248.0155694692439,-35.48
EM* LkHA 110,-24.4544898838725,0.7118,-2.212,271.0475548290258,0.95
VPHAS J180439.4-242709.0,-24.4525158174605,0.7466,-2.085,271.1643119118531,0.53
Cl* NGC 6530 WFI 31634,-24.2609571610967,0.7731,-2.228,271.0235647135438,-3.51
VPHAS J180349.2-242208.5,-24.3690361101821,0.5711,-2.116,270.955000558272,-186.4
WRAY 15-353,-69.5381807164721,0.5709,-8.515,139.0720973151107,-15.14
WRAY 15-547,-69.3502456010337,0.5616,-11.233,155.1419083284126,3
