col0,col1,col2,col3
NGC 3966,Heinrich Louis d'Arrest,NGC 3986,179.1840042
NGC 4059,William Herschel,NGC 4070,181.0470782057423
NGC 5603,William Herschel,NGC 5603A,215.7563606921753
NGC 6762,Lewis A. Swift,NGC 6763,286.4045093768779
