col0,col1,col2,col3,col4
HD 2588,5318.64,129.77188,35748.0,10.197389999999999
HD 13952,5197.362,339.93359399999997,261.82,9.1448
V* CN Oct,4003.9999999999995,775.1756193,2.976,9.04098
HD 5467,3976.0,1188.8028296,3.018,9.54514
B+01 2280,6394.32,192.43631000000002,13186.8,8.390835
SDSS J091621.83052119.1,11645.456,211.788,148800000.0,16.78754
