col0,col1,col2,col3
charggd pion,-0.999,139.57061,0.0
π0,0.0,135.516908,0.0
π-,-1.004,139.43103939,0.0
π+,0.999,139.15189816999998,0.0
photino,0.0,0.0,0.5045
