col0,col1,col2,col3,col4,col5,col6
[BCD2014] 27,Hydra,supernova remnant,204.2502131789696,17.5313,J2000.0,-29.867224364483
[BCD2014] 36,Hydra,supernova remnant,204.2545600952446,19.6755,J2000.0,-29.8613476987005
LMC N49,Dorado,supernova remnant,81.5016,12.71,J2000.0,-66.084
3C 58,Cassiopeia,supernova remnant,31.4043,8.17,J2000.0,64.8283
