col0,col1,col2,col3
R Scuti,281.8706289107624,-0.24,-5.7051493960665
EX Lupi,240.7728809904739,,-40.3070629287421
YZ Canis Minoris,116.1673859524798,0.23,3.5524660639781
