col0,col1,col2,col3
gadolinium-170,1363400,169.955577,-41380
gadolinium-133,1059212,132.961503,-35860
gadolinium-151,1242887.493,150.920355109,-74188.737
gadolinium-150,1236391.35,149.918664066,-75763.934
gadolinium-149,1227683.116,148.919347831,-75127.011
