col0,col1,col2,col3
HD 21693,HD 21693 b,0.9,51.80200819131459
HD 27894,HD 27894 b,0.83,65.19602674041124
HD 142022,HD 142022 Ab,0.705,242.56261191301124
Gliese 876,Gliese 876 e,0.3761,343.3197179614233
