col0,col1,col2,col3
2MASS6X J01015581-7232401,15.482552,J2000.0,near-IR source
2MASS J23172102+5928480,349.3375833,J2000.0,near-IR source
2MASS J05300215-6956171,82.5090283510422,J2000.0,near-IR source
[PCC2011] C2,247.045875,J2000.0,near-IR source
[PCC2011] C3,247.045792,J2000.0,near-IR source
