col0,col1,col2,col3,col4
PMMR 50,3608,13.1312276963756,red supergiant,-72.1937631274081
Cl* NGC 371 LE C12,3650,15.8041715655594,red supergiant,-72.1573064773159
PMMR 47,4148,12.9594390148317,red supergiant,-72.0993424166983
PMMR 48,4499,12.9603800819277,red supergiant,-72.1924097618015
