col0,col1,col2,col3,col4,col5
V* EK UMa,162.896492495711,Ursa Major,J2000.0,1.3813,18
V* AR UMa,168.9357891860638,Ursa Major,J2000.0,9.8705,16.4
V* VY For,53.0191863224984,Fornax,J2000.0,1.488,14.87
UZ Fornacis,53.86938153259208,Fornax,J2000.0,4.1736,14.776
