col0,col1,col2,col3,col4,col5
Gliese 436 b,doppler spectroscopy,175.54622167,22.2,0.0291,2.643904
51 Pegasi b,doppler spectroscopy,344.36658506978085,150,0.0527,4.230785
Gliese 436 b,transit method,175.54622167,22.2,0.0291,2.643904
HD 109749 b,radial velocity,189.31824419797752,0.28,0.0635,5.24
