col0,col1,col2,col3,col4,col5,col6,col7
xenon-115,954611.55,1,iodine-115,isotope of xenon,114.926293945,54,-68656.748
xenon-118,988247.758,1,iodine-118,isotope of xenon,117.91617868,54,-78079.057
xenon-136,1141881.568,1,barium-136,isotope of xenon,135.907214476,54,-86429.159
xenon-133,1118882.051,1,caesium-133,medication,132.90591075,54,-87643.571
