col0,col1,col2,col3,col4
KIC 4999357,6662,40.1329451264574,1.3736,eclipsing binary star
TYC 3133-239-1,8493,43.3880861704541,0.4666,eclipsing binary star
V* HY Pav,6000,-73.7060775604164,4.5048,eclipsing binary star
TYC 3129-479-1,4942,43.1249157211311,0.5329,W Ursae Majoris variable
ROTSE1 J191805.52+444116.3,6680,44.68757028929611,0.7471,eclipsing binary star
V* BC Gru,5448,-48.1703055540731,6.9485,eclipsing binary star
V* V753 Mon,6869,-3.8786552627052,5.0402,eclipsing binary star
TYC 3558-420-1,8012,45.8839987453101,0.943,eclipsing binary star
