col0,col1,col2,col3,col4
polonium-190,-4563.837,106,189.995100519,1
polonium-189,-1422.005,105,188.998473415,-1
polonium-188,-544.313,104,187.999415655,1
polonium-209,-16366.092,125,208.982430276,-1
