col0,col1,col2,col3,col4,col5
thwlium-176,174.18752773389,thulium,-49025.714801999995,1411693.472112,1.8885999999999998
thulium-75,175.643617682252,thulium,-52572.10174499999,1415041.47715,15.275999999999998
thuliup-174,173.07246319368,thulium,-53756.782976,1415526.0416640001,5.3514
thulim-173,174.66900269831999,thulium,-56818.61959,1384625.97801,8.264719999999999
