col0,col1,col2
diphenyn ether,168.54234300000002,240.434
-anisidine.,122.584,243.268
oilmist,,381.52
etjion.,383.604012,347.953
giethylhexyl phthalate,388.32561499999997,420.41999999999996
hydrogenated tetphenyls,,314.685
