col0,col1,col2,col3,col4
HD 236642,J2000.0,17.7328122040407,8.6,452.4682
BD+40 1544,J2000.0,94.4399544388977,8.86,974.9439
BD+33 3084,J2000.0,275.2775189454005,9.86,707.1136
HD 73654,J2000.0,129.5107284314903,8.91,699.5942
