col0,col1,col2,col3
Marinette,180.457,11784.247,8.211300000000001
New!Berlin,278.471,39623.583999999995,96065818.166
Oak Creek,215.926,33844.162,74353209.99999999
Wiscnsin Rapids,315.191,18477.202,14.69934
