col0,col1,col2,col3,col4
NSVS 4158301,40.8088245459364,51.0422804967158,Perseus,0.7092
NSVS 8253775,35.3828729102597,284.9298816129701,Lyra,1.6592
TYC 4566-900-1,81.7085100626574,236.6778166235836,Ursa Minor,0.8517
TYC 4415-1754-1,71.2322381144388,238.9679729555577,Ursa Minor,2.0576
BD+78 486,78.152049740395,216.1037944112964,Ursa Minor,1.6999
NSVS 6999791,32.2720561873308,88.1691412516712,Auriga,1.5736
NSV 1903,30.2252708675628,79.1274398817819,Auriga,1.4351
