col0,col1,col2,col3
Hmångersån,1195.9028999999998,Sweden,80.838
Tämnarån,1202.74,Sweden,59.64
Nätraån,1030.144,Sweden,99.6
Nköpingsån,3595.2839999999997,Sweden,155.901
Emån,44987.314,Sweden,219.56
Stångån,2449.76,Sweden,185.92499999999998
Nissan,2687.6849999999995,Sweden,198.4
