col0,col1,col2,col3,col4
[MMF2013] F2 ch2-1-s0020,J2000.0,Ursa Major,54.36118,210.71034
[SS2011b] F1-37502,J2000.0,Ursa Major,54.35431731,210.90492021
[MMF2013] F2 ch2-2-s0032,J2000.0,Ursa Major,54.33918,210.71326
[SSF98] V5,J2000.0,Ursa Major,54.35148,210.85588
[SS2011b] F2-5628,J2000.0,Ursa Major,54.327,210.75993
