col0,col1,col2,col3,col4,col5
Cl* NGC 6121 SAW V7,RR Lyrae variables w asymmetric light curves,-18.278,2314.2791,245.8580527168659,J2000.0
CRTS J141125.5-060557,W Ursae Majoris variable,-13.005,1934.9845,212.8559770226863,J2000.0
2MASS J17494596+2511533,RR Lyrae variables with nearly symmetric light curves,-2.051,9.1,267.4415179041517,J2000.0
CRTS J092928.7+062131,W Ursae Majoris variable,-3.431,32.35,142.3699725338531,J2000.0
