col0,col1,col2
Boeange-sur-Attert,237.762,1892.6609999999998
Wormeldage,139.44,1735.35
Biwes,232.767,2300.116
Ranbrouch,507.02,79.40636
