col0,col1,col2,col3
debye,0.0000000000000000000000000000033356409519815204957557671447491851179258151984597290969874899254470237540131846812503868926549,Peter Debye,0.000000000000000000000000000003335640951981521
Planck mass,0.00000002176434,Max Planck,21.764
Planck charge,0.00000000000000000187554603778,Max Planck,11.706
Planck energy,1956100000,Max Planck,540
