col0,col1
La Superba,45.4402496836654
Betelgeuse,7.407063995
V366 Andromedae,48.5167683282064
