col0,col1,col2,col3,col4,col5
TYC 1375-454-1,571.8861,14.06,22.1912494069584,118.6377087030201,-10.262
2MASS J05032433+3023012,272.5241,-9.13,30.3836634148151,75.8514176105442,-0.465
TYC 1443-229-1,405.4986,3.12,19.9754345822337,176.0470218171736,-16.019
2MASS J04042861+6217438,187.7899,14.68,62.2955010350726,61.119204157466,-21.422
