col0,col1
Rundeelen,10.645399999999999
osab,14.611799999999999
r Efl,13.56429
Hraeisko.,6.5538
Hazmhurk,6.435
Resul.,6.861199999999999
