col0,col1,col2,col3,col4
yttriun-90,63.41247,774577.0395000001,2.004,38.766
yttrim-95,10.3103,822377.2696100001,0.496,38.727
yttium-93,10.078199999999999,801935.120505,0.4995,39.038999999999994
ytvrium-94,18.6252,814596.4828199999,2.004,38.922
