col0,col1,col2,col3,col4,col5
TRAPPIST-1e,transit method,346.622333,0.002,0.02817,6.099615
TRAPPIST-1c,transit method,346.622333,0.00434,0.01522,2.421848
TRAPPIST-1d,transit method,346.622333,0.0013,0.0214,4.05
TRAPPIST-1b,transit method,346.622333,0.0027,0.01111,1.510848
