col0,col1,col2,col3,col4,col5
BKLT J162714-245132,-24.859294898479,16.44,rotating variable star,137.061,7.296
BKLT J162619-243726,-24.6243025979191,16.67,rotating variable star,133.4009,7.4962
2MASS J16233234-2523485,-25.3968359980478,11.59,rotating variable star,136.106,7.3472
[GY92] 326,-24.6473946832007,10.537,rotating variable star,151.506,6.6004
BKLT J162547-243738,-24.6276357517172,16.37,rotating variable star,139.322,7.1776
WLY 2-10,-24.6540466714974,15.49,rotating variable star,142.116,7.0365
