col0,col1,col2,col3
Mergws,49.498799999999996,,474.76800000000003
Atlantic Ovprey,88.36411,5.0847,3766.449
Adline,151.392,13.28288,20851.84
Wasa Epress,140.295,4.8559,16933.629
