col0,col1,col2,col3
HD 15916,38.47433968822736,59.17699999999999,12.078864000000001
HD 210674,331.07712308733204,70.21,5.899424
HD 222895,355.4790158692415,146.16,-0.1782
HD 222179,353.1830127355022,1309.1,1.171141
BD-21 209,19.550058586535897,211.85999999999999,-3.4963949999999997
HD 210611,330.94975824177976,633.78,-2.54208
HD 233943,185.41716286462682,130.812,-4.06368
HD 233956,190.826824134442,60.3,-8.990496
BD+40 282,225.6457718851623,306.9,1.996881
