col0,col1
Mouth & acNeal.,6.017999999999999
How Do You Do@,6.053999999999999
Barbaa,4.97
