col0,col1,col2,col3
263 Dresda,2.67063959882484,Koronis family,99.6394876058054
243 Ida,2.74337265923183,Koronis family,317.485647994798
208 Lacrimosa,2.85371261714188,Koronis family,129.945801450192
167 Urda,2.74935592055544,Koronis family,315.679399787864
158 Koronis,2.71903941620653,Koronis family,294.304677754813
