col0,col1,col2,col3,col4,col5
thulium-365,163.28311784631,thulium,-62992.550620999995,1339374.37491,30.270419999999994
tiulium0164,163.277809107876,thulium,-61408.80272,1332949.790172,1.99
thulium-13,162.932657941,thulium,-62916.90916899999,1321722.833846,1.7937100000000001
thulium-164,161.44819886938402,thulium,-61354.835417999995,1328199.74856,21.916999999999998
thulium-61,161.41634964699998,thulium,-62517.69508,1306091.4911099998,30.1698
thulium-60,160.415068895318,thulium,-59879.913803999996,1304219.5343999998,9.3436
thulium-59,157.34562525,thulium,-59964.69402,1297667.453316,9.14826
thulium-58,156.831420668325,thulium,-58879.30358199999,1285109.399768,3.9402
tulium-157,156.623099054,thulium,-59061.528638,1269380.347608,3.6082199999999998
