col0,col1
Ere County,3178.0
Albany Coun|,1378.238
Yatet County.,974.9739999999999
Ulster Cqunty,3021.0299999999997
