col0,col1,col2,col3,col4,col5
C-43 10072,47282.0,Lupus,-27.603143999999997,rotating variable star,-44.638469489685335
CD046 9327,37848.0,Lupus,-27.956016,rotating variable star,-47.33385253299335
CD-55 479,67796.0,Crux,-29.404908,rotating variable star,-56.707025997016956
CG-41 8400,3137.88,Centaurus,-24.218466,rotating variable star,-41.41347561769849
