col0,col1,col2,col3,col4
HD 34968,multiple star,80.1121457669886,J2000.0,10046
Theta Indi,multiple star,319.96662314,J2000.0,8114
Psi Cygni,multiple star,298.907442596,J2000.0,8128
Tau Coronae Borealis,multiple star,242.242922968,J2000.0,4843
