col0,col1,col2,col3,col4,col5
rhodium-96,1,819328.608,45,51,95.91445171
rhodium-95,1,809910.15,45,50,94.915897895
rhodium-94,1,796405.788,45,49,93.921730453
rhodium-93,1,784438.725,45,48,92.925912781
