col0,col1,col2,col3,col4
bismuth-190,3,189.988620883,bismuth,-10599.579
bismuth-189,4.5,188.989195141,bismuth,-10064.66
bismuth-188,10,187.992276184,bismuth,-7194.687
bismuth-187,4.5,186.993147276,bismuth,-6383.271
