col0,col1,col2,col3
Phi Pegasi,19.1202821379229,7.6992,SRB semi-regular
HR Peg,16.9418331150997,2.353,SRB semi-regular
2MASS J20360829-3607115,-36.1198649330794,59.2287,rotating variable star
GJ 3789,29.276855846916,54.6875,rotating variable star
G 161-71,-12.3484372715743,76.1746,rotating variable star
LP 71-82,64.2622885867067,128.4871,rotating variable star
Ross 47,12.48933659338833,172.7068,rotating variable star
