col0,col1,col2,col3,col4,col5
NGC 4848,194.5232392443829,J2000.0,Heinrich Louis d'Arrest,28.2425733872973,7174
NGC 4090,181.3663958,J2000.0,Heinrich Louis d'Arrest,20.3088444,7331
NGC 4089,181.4059837742293,J2000.0,Heinrich Louis d'Arrest,20.5556806847553,7263
NGC 2824,139.7592314551552,J2000.0,Heinrich Louis d'Arrest,26.2700030503553,2578
NGC 4850,194.5909769171809,J2000.0,Heinrich Louis d'Arrest,27.9677781414089,6024
NGC 4383,186.356325,J2000.0,Eduard Schönfeld,16.4700056,1708
