col0,col1,col2,col3,col4
thallium-212,81,211.998335,1649360,lead-212
thallium-211,81,210.993475,1645755.901,lead-211
thallium-210,81,209.99007297,1640853.48,lead-209
thallium-209,81,208.98535175,1637179.973,lead-209
thallium-207,81,206.977418586,1628426.979,lead-207
thallium-206,81,205.976110026,1621574.526,lead-206
