col0,col1,col2,col3,col4,col5,col6
1RXS J015051.8+332622,27.7146682331679,cataclysmic binary candidate,1.5275,33.4393926070808,J2000.0,17.77
CRTS J132536.0+210037,201.4002697369279,cataclysmic binary candidate,0.8641,21.010197072951,J2000.0,19.7517
2MASS J18564713+0700552,284.1964278942591,cataclysmic binary candidate,2.486,7.0153840724403,J2000.0,13.73
2MASS J01303186+6221324,22.6328827029591,cataclysmic binary candidate,1.2677,62.3589823283976,J2000.0,15.13
2QZ J015940.6-281040,29.91985600352292,cataclysmic binary candidate,2.5765,-28.17789220710111,J2000.0,19.157
2MASS J02582787+6352348,44.6161847287444,cataclysmic binary candidate,2.3795,63.8763536777784,J2000.0,12.189
2MASS J18412712+0538217,280.3629940286367,cataclysmic binary candidate,0.7137,5.6394316374937,J2000.0,14.5
