col0,col1,col2,col3,col4
[TM2006] W3091:,23.16351715677743,cepheid variable,-8.426,Triangulum Galaxy
[SM2006] 30250,23.519907009330613,cepheid variable,0.260739,Triangulum Galaxy
[SM2006] W30346,23.52738554101667,cepheid variable,-7.1233059999999995,Triangulum Galaxy
[RMH016] 011.66890+41.933280,11.368299930770675,cepheid variable,1.7947929999999996,Andromeda Galaxy
[RFV2012] v.2.4.28,11.46212840738085,cepheid variable,-3.665969,Andromeda Galaxy
[RMH2016] 011.243560+41.94550,11.176063539523405,cepheid variable,-0.29795,Andromeda Galaxy
[RMH2016] 011.393430+41.937332,11.3933786318192,cepheid variable,3.585284,Andromeda Galaxy
[RH2016] 011.455420+41.864410,11.352309345108822,cepheid variable,-1.681,Andromeda Galaxy
CSIMon-037636,100.10769849852767,classical Cepheid variable,-3.472464,NGC 2264
