col0,col1,col2,col3
gallium-73,4.86,634652.729,72.925174682
gallium-72,14.1,625470.408,71.926367434
gallium-70,21.14,609649.6,69.926021917
gallium-66,9.49,572177.826,65.931589832
