col0,col1,col2
Ohad,405.552,130.26
Amka,642.068,73.334
Hasqin,1749.434,419.15
Bei Yehda,1045.1999999999998,343.965
Patur,569.8349999999999,401.6
