col0,col1,col2,col3,col4,col5
V* XY Gem,Mira variable,137.034,14.98972,120.12397959931525,0.8438553
IRC 30292,Mira variable,38.228,2.5059780000000003,247.951811126975,0.07999200000000001
V* AU Cyg,Mira variable,-3.0269999999999997,11.25124,303.7226806425903,1.270764
V* GX Mon,Mira variable,25.074999999999996,15.382700000000002,103.71198476789627,2.4202498
