col0,col1,col2,col3
Karl,213.908,77.22,6.5630999999999995
Leopolsdori,,87.87,6.98368
Innsbrufk,19782.816,,3.1069620000000002
Pfaffenber,,33.032999999999994,43.87758
Thirbach,152.388,113.965,26.3043
