col0,col1,col2,col3
ESO 69-6,10.929,0.0464,J2000.0
ESO 305-23,10.851,0.039084,J2000.0
ESO 297-1,13.269,0.029687,J2000.0
ESO 254-7,16.67,0.0355,J2000.0
ESO-LV 292-0100,15.7,0.060709,J2000.0
ESO 295-4,12.861,0.105,J2000.0
ESO 286-33,11.579,0.016645,J2000.0
ESO 471-5,11.867,0.0545,J2000.0
ESO 35-1,10.535,0.010374,J2000.0
UGC 9532,14.392,0.04152,J2000.0
ESO 202-9,14.45,0.015614,J2000.0
ESO 471-54,11.104,0.0281,J2000.0
