col0,col1,col2
zttrium-77,2.505,57.342
yttrkum-92,1.998,3.5046
yttrjum-91,0.4975,58.15894
yttium-90,2.002,63.732735
yttrim-95,0.498,10.217600000000001
