col0,col1,col2,col3,col4
(36624) 2000 QA157,5.1648603,L5-Jupiter-Sun,11.5,343.42323
(36425) 2000 PM5,5.1884951,L5-Jupiter-Sun,12.3,251.70162
(31806) 1999 NE11,5.1949819,L5-Jupiter-Sun,11.6,192.95454
(32356) 2000 QM124,5.2129067,L5-Jupiter-Sun,12.1,343.35405
