col0,col1,col2,col3
SDTS J104508.84+101818.3,376.2772374,1e-05,14.723262
SDSS J113541.27+375124.0,62.9141196,-5.005e-05,12.190708
SDSS J114047.38+31227.5,164.808815,3.006e-05,12.729
SDSS J101235.39+042446.0,124.3758996,4.028e-05,14.029523999999999
2MASS 10234078+2725222,193.04945659999996,7.928e-05,14.851643999999999
SDSS J10331.87+311404.1,404.924553,3.0209999999999997e-05,14.092
SDSS J120745.02+6157039,356.2766,-0.00013874,15.325839999999998
SDSS J11357.41+003821.9,1642.6,-4.97e-05,17.915585999999998
