col0,col1,col2,col3,col4,col5
2MASS J10452605-5940025,Carina Nebula,-59.6673126964838,0.342,13.522,2923.9766
2MASS J10452263-5930223,Carina Nebula,-59.5061890818281,0.3485,14.015,2869.4405
HD 144432,Scorpius–Centaurus Association,-27.7193772268271,6.4371,8.19,155.3495
EM* MWC 916,Eagle Nebula,-13.7789646340007,0.5464,11.127,1830.1611
