col0,col1,col2,col3
nickel-53,435504.922,52.96819,28
nickel-52,420108,51.976028,28
nickel-51,401625,50.987225,28
nickel-50,385800,49.995577,28
nickel-49,365393,49.008803,28
nickel-64,561757.504,63.927966341,28
nickel-63,552100.059,62.929669139,28
nickel-56,483995.624,55.942,28
nickel-48,348720,48.018028,28
nickel-61,534666.525,60.931054945,28
