col0,col1
Peterserg,5.034999999999999
Doxbravice,2.6104000000000003
Hora,2.5792
Matkovice,2.6104000000000003
ignal Hill,2.5974
Greifenbeg,2.485
