col0,col1,col2,col3
samarum-145,82.668,samarium,-80006.107456
samriu-146,83.748,samarium,-80186.34590999999
sambriu-147,85.76499999999999,samarium,-79504.153062
samariu-148,86.258,samarium,-78860.246416
