col0,col1,col2,col3
2MASX J13211819+5248362,2.613,2.5296,52.8101311638492
SDSS J161026.30-003754.1,0.597,1.711,-0.6317233988603
2MASX J15183933+2806338,0.029,0.0844,28.1093005822197
2MASX J14113297+4517099,-0.164,1.5087,45.2860221444717
2MASX J09125609+4652014,-0.362,0.9822,46.8670837248811
SDSS J135038.63+534352.0,-3.945,4.9033,53.7311267785348
