col0,col1,col2
qsovo,1866070.838,10810.848650720001
Donets People's Republic,2315488.052,
omaliland,5832019.999999999,177530.99999999997
