col0,col1,col2,col3,col4
NSV 1942,28.6450882753185,80.4643455077695,Auriga,1.7587
NSVS 1467044,64.6070570153228,347.3041873183044,Cepheus,1.2255
TYC 4272-249-1,65.2661572202487,335.3417043738317,Cepheus,5.4817
GSC 04479-00391,68.9238993943727,357.8047853097403,Cepheus,2.6527
GSC 04614-01353,81.2594540303563,353.9779048864847,Cepheus,1.7133
GSC 04482-01238,69.753839081447,349.77786066069,Cepheus,2.176
