col0,col1,col2,col3,col4,col5
PSR J1901-1740,pulsar,0.89,J2000.0,0.4182,-17.6664409890497
PSR J1705-43,pulsar,494.4865,J2000.0,2.0223,-43.6118175538825
PSR J1713-3945,pulsar,1654.2597,J2000.0,0.6045,-38.7416152409982
PSR J2032+4127,pulsar,1442.377,J2000.0,0.6933,41.4567621526409
