col0,col1,col2
yttrim-93,0.4955,10.22072
turium-94,2.014,18.5504
yttrium.96,0.0,5.37738
