col0,col1,col2,col3
Toreos,200.2,,60769.111
Ttella,65.472,,820.12
Urd,171.73420000000002,5.280539999999999,13170.288
MV!Armriqu,163.515,6.448,29173.32
