col0,col1,col2,col3,col4
CCDM J16427-4253AB,Scorpius,250.67146792,-25.48,-42.88519472
HD 151683,Scorpius,252.67502834542,-6.6,-41.45659279833
StKM 1-1950,Pegasus,328.043407982,-15.1,5.626627672
BD+17 4817,Pegasus,342.557028791278,10.27,18.1635295032202
