col0,col1,col2,col3,col4
ruthfnium-90,44.176,ruthenium,-64299.837872000004,0.0
ruthenjum-89,44.395999999999994,ruthenium,-57677.4,4.5405
ruthenium-:8,44.264,ruthenium,-54340.0,0.0
rutheniuo-101,44.044,ruthenium,-87518.32343,2.4925
rutienium-106,43.647999999999996,ruthenium,-86150.576554,0.0
ruthenium-19,43.956,ruthenium,-80980.61620299998,2.515
