col0,col1,col2,col3,col4,col5
TYC 2666-268-1,eruptive variable star,292.1760959140611,1058.313,0.9449,-7.36
HD 178848,eruptive variable star,287.1405326427454,216.4643,4.6197,-16.55
TYC 3134-1682-1,eruptive variable star,290.5192940928291,620.7325,1.611,-8.04
TYC 3146-712-1,eruptive variable star,290.4537508689527,737.4631,1.356,-37
KIC 8232851,eruptive variable star,291.621831605677,1370.614,0.7296,-1.27
TYC 3143-663-1,eruptive variable star,292.6542206710242,907.5234,1.1019,-30.42
