col0,col1,col2,col3
NAME AT 2019flx,Columba,-36.076072,21.22
NAME AT 2019fnh,Columba,-35.372392,21.51
NAME AT 2019flo,Columba,-33.442484,20.354
NAME AT 2019flp,Columba,-35.955868,19.511
NAME AT 2019fnm,Columba,-32.094698,21.781
NAME AT 2019flw,Columba,-28.660375,20.975
