col0,col1,col2,col3
gadolinium-158,1295887.402,157.924111646,-70689.546
gadolinium-157,1287950.128,156.92396787,-70823.473
gadolinium-154,1266618.584,153.920873398,-73705.954
gadolinium-164,1333320,163.93583,-59774
