col0,col1,col2,col3
GES M18265159-3159527,21421.399999999998,-32.12596410888,
GJ 737,,-38.2280491688291,150.89119609999997
GES J13401596-302288.,11511.499999999998,-37.4117466633,
ES J11038653-1747213,6955.2,-17.66472525,
