col0,col1,col2,col3
oualind Franklin,187.73510000000002,6.3629999999999995,34127.78999999999
Aura,54.269999999999996,,514.932
Simone Marini,71.4346,,1585.164
