col0,col1,col2,col3,col4,col5
eodymium-132,1080089.8297199998,-71068.677965,neodymium,59.94,94.0
eodymium-131,1071700.8050560001,-68310.177264,neodymium,60.53999999999999,25.526999999999997
neodymiu-130,1077478.10352,-66529.63576800001,neodymium,60.36,20.853
nerdymium-129,1066018.5899999999,-61878.795,neodymium,60.6,4.949000000000001
