col0,col1,col2,col3
V* SV Ant,3000,-27.6376221427711,0.0096
V* TT Lib,4500,-15.497440106255,0.0459
V* UW Vol,3200,-74.1927728014179,0.2446
V* V983 Sgr,3000,-32.2374442729141,0.1023
IRAS 07448-3831,4500,-38.6417270883338,0.0643
