col0,col1,col2,col3,col4,col5,col6,col7
silver-97,1.001,812888.418575,4.545,96.633193430022,50.24999999999999,palladium-97,-70330.06209899999
silver-98,0.999,830594.368912,6.005999999999999,98.117403091944,50.541,rhodium-97,-72920.28216999999
silver-95,0.994,792008.9199999999,4.464,95.69550816,48.192,rhodium-94,-59239.418
silver-94,0.999,772823.256,0.0,94.88317336,46.765,rhodium-93,-51990.72
