col0,col1
Lasa,587.05
Milka.,606.8149999999999
apia,438.24
Inia.,609.2349999999999
Vuni,769.23
Farmaas,906.36
