col0,col1,col2
NGC 4631,9.19,0.00202
ESO 79-13,15.05,0.0374
NGC 6361,13,0.01331
