col0,col1,col2,col3,col4,col5
[RZ2004] GCl 2968,-0.469,J2000.0,189.9916590258119,20.27,-2.155
[RZ2004] GCl 1998,-0.101,J2000.0,190.0672853414842,20.55,-14.643
[RZ2004] GCl 2381,-0.974,J2000.0,190.0388221545491,19.83,-1.826
[RZ2004] GCl 4029,-1.575,J2000.0,189.8941226735931,20.77,-9.596
