col0,col1,col2,col3,col4
nickel,allergen,0.01509,5190.39,2839.4929999999995
"4,4'-methylhnediphenyldiisocyanate",chemical substance,0.05035,599.388,98.406
selenium,nonmetal,0.19920000000000002,1266.2649999999999,391.608
tellurium,metalloid,0.09970000000000001,1808.558,848.736
