col0,col1,col2,col3,col4
rubidium-82,-76187.803,37,81.918209024,45
rubidium-81,-75456.67,37,80.918993927,44
rubidium-80,-72175.467,37,79.922516444,43
rubidium-91,-77745.037,37,90.916537265,54
