col0,col1,col2,col3,col4,col5,col6,col7
V* V393 Vel,-4.936,3600,134.8573179389097,-55.9805644669809,S-type star,0.2987,1719.76
MC79 1-40,-1.134,3800,116.5143639564554,-41.0242387059721,S-type star,0.2056,2333.95
MC79 1-45,-2.167,3807,117.9085570366713,-41.2840386398793,S-type star,0.3834,2632.15
MC79 1-28,-1.059,3600,114.231759393782,-38.6569591668568,S-type star,0.2693,2273.62
CSS 1228,-3.047,3800,308.9914514339035,-8.1264818720288,S-type star,0.4172,2122.68
CD-50 8173,-11.284,4321,209.9987940872344,-50.8906414523952,S-type star,1.0108,989.3154
MC79 1-18,-3.042,3403,108.2548188104151,-26.3819634221723,S-type star,0.2584,1150.12
