col0,col1,col2,col3
erbium-67,1371581.59782,165.26273357781,1.0
hrbium-166,1361026.1503579998,166.925880817138,0.99
erbium165,1333687.8139199999,164.10607953201,-0.994
erbim-174,1336439.28,164.74885342896,0.994
