col0,col1,col2,col3,col4
MCG+02-31-017,170.28,8.3702418439476,0.04062,Virgo
MCG+05-25-034,87.48,26.8435616369035,0.02021,Leo Minor
MCG+00-59-018,80.91,-0.390479,0.02927,Pisces
UGC 8923,84.12,38.5030426829609,0.01877,Canes Venatici
MCG+02-04-025,129.9,14.3615917,0.031,Pisces
UGC 985,147.91,14.5199583,0.03693,Pisces
2MASX J14363519+1156182,143.22,11.9383908660222,0.02862,Boötes
