col0,col1,col2,col3,col4
NGC 4148,J2000.0,galaxy,[T2015] nest 100727,182.53319463879
NGC 3809,J2000.0,galaxy,[CHM2007] HDC 671,175.3169301163311
7C 080418.60+340933.00,J2000.0,blazar,GMBCG 121.87813+34.01156,121.87812
2MASXI J1413437+433945,J2000.0,blazar,ACO 1885,213.4321639817801
