col0,col1,col2,col3,col4
Black Widow Pulsar,20.4,Sagitta,299.90311667,-26
PSR J0437-4715,20.4094,Pictor,69.31582341817,-71.166
PSR J2032+4127,11.266,Cygnus,308.0546870779446,-2.991
PSR B0329+54,15.556,Camelopardalis,53.247276173783,-3.802
