col0,col1,col2,col3,col4
rubidium-85,-82167.3305,37,84.9117897376,48
rubidium-86,-82746.993,37,85.911167443,49
rubidium-87,-84597.791,37,86.909180531,50
rubidium-90,-79364.404,37,89.914798803,53
