col0,col1,col2,col3
9908 Aue,2.7348174,Koronis family,14.21226
720 Bohlinia,2.83725872072663,Koronis family,269.491615576211
534 Nassovia,2.72282474119148,Koronis family,23.2290455788368
532 Herculina,2.28530133751942,Koronis family,45.7569370969052
321 Florentina,2.75786757435769,Koronis family,40.6301402744835
311 Claudia,2.89094872710628,Koronis family,185.131254111475
277 Elvira,2.62186990725842,Koronis family,185.846275266394
