col0,col1,col2,col3
NGC 745-1,12.4,-56.6936928328781,[LH2011] 4102
NGC 6027,10.474,20.763354,[CHM2007] LDC 1163
NGC 745-1,12.4,-56.6936928328781,NGC 745
NGC 6027,10.474,20.763354,Seyfert's Sextet
