col0,col1,col2,col3
NGC 6265,14.5,27.844290520963,[TSK2008] 2659
NGC 745-1,12.4,-56.6936928328781,[T2015] nest 200261
NGC 6261,14.5,27.9775664878071,[T2015] nest 100025
NGC 6265,14.5,27.844290520963,[T2015] nest 100025
