col0,col1,col2,col3,col4,col5
V* V942 Ori,-1.04,15.91,373.0926,21.903807,13430
V* V757 Ori,0.457,17.193,408.3966,23.680023,13240
V* V753 Ori,0.587,15.871,385.8174,26.461775,17060
V* V498 Ori,0.244,13.7,377.7862,23.692522,16370
V* V705 Ori,-1.402,9.632,416.3371,25.233683,7760
