col0,col1,col2,col3,col4,col5,col6
[BVD2011] 55,T Tauri type star,57.3891321104855,-4.386,13.252,1.1941,324.4539529358724
[BVD2011] 59,T Tauri type star,57.3388581841255,-4.926,12.96,0.9536,324.5385682813753
2MASS J07035833-1134188,T Tauri type star,-11.571891590194,-4.101,13.781,0.6382,105.9930403528027
2MASS J07042340-1132515,T Tauri type star,-11.5476566061822,-4.348,12.323,0.9836,106.0975380265533
