col0,col1,col2,col3,col4,col5,col6,col7
HD 37115,51.8,HD 37115A,-5.6284203,J2000.0,3382,1824,8.77
Gamma Cassiopeiae,-4.8,* gam Cas B,60.71674028,J2000.0,27990,2100,2.39
Phi Andromedae,-2.2,Phi Andromedae A,47.241794288,J2000.0,12748,1400,4.25
Mu Lupi,14.9,mu.01 Lup,-47.875276579,J2000.0,12050,6300,4.274
