col0,col1,col2,col3
SDSSCGB 62575,59.86333,Ursa Major,46435
SDSSCGB 66910,56.79444,Ursa Major,19974
SDSSCGB 64388,54.24639,Ursa Major,96462
SDSSCGB 68622,63.13056,Ursa Major,40347
