col0,col1,col2,col3
UX Antliae,164.287745671844,,-37.3986481877346
Altair,297.695827296,7.94,8.868321196
CI Cyg,297.5493101672656,,35.6841668591108
