col0,col1,col2,col3,col4,col5,col6
GAMA 99000,0.00036,0.7657,0.9540290415719,180.735778282581,D galaxy,108
GAMA 78093,0.00114,1.1586,0.1788109177029,215.7702048608787,D galaxy,342
GAMA 375688,0.33997,0.477,1.3192607579432,130.2731020129429,D galaxy,85312
NVSS J141223+003824,0.26172,0.237,0.6397179548191,213.0993007997484,D galaxy,68466
