col0,col1,col2,col3
NVSS J080713+342;52,-0.47234999999999994,0.857043,38368.547
NVSS J081338375003,0.329676,1.2075112000000001,69113.69499999999
PKS 356-210,-1.416644,0.9220998,27294.384
FIRST J1154547+495731,-4.44015,1.799592,14990.724
NVSS J144712-404745,-1.289121,1.1132,53149.424999999996
NVSSJ115200+252535,0.9464419999999999,1.0411,25351.124999999996
NVSSJ142826+551651,0.92349,0.0013064999999999997,36887.964
NVST J103812+565221,-20.45583,4.142111,46943.01
