col0,col1,col2,col3,col4
UW Cen,R Coronae Borealis variable,-7.854678000000001,Centaurus,-54.364405767873045
OGLE LMC-LPV64293,long period variable,0.820356,Dorado,-69.43879474099303
SP77 59-12,R Coronae Borealis variable,0.32996800000000004,Dorado,-70.34285872536502
SV* V 12524,R Coronae Borealis variable,0.066528,Dorado,-69.75260174087468
