col0,col1,col2,col3
nickel-65,567855.6,64.93,28
nickel-57,494243.181,56.939791525,28
nickel-55,467352.6,54.951329961,28
nickel-54,453223.728,53.957833,28
