col0,col1,col2,col3,col4
RX J0535.6-6651,83.92081902250625,13.8,high mass X-ray binary,308
BD+53 2790,331.9843201698081,9.84,high mass X-ray binary,-62.7
BD+49 3718,330.4091753624967,9.31,high mass X-ray binary,-16.8
QV Normae,235.5973471160623,14.5,high mass X-ray binary,-172
V420 Aurigae,80.6467967565804,7.48,high mass X-ray binary,-20.5
4U 1700-37,255.9865534428603,6.51,high mass X-ray binary,33.38
X Persei,58.8461578297353,6.72,high mass X-ray binary,-50
