col0,col1,col2,col3,col4
GALEX 2669660433261003623,-42.87905917760222,282.215,Microscopium,3.5434
GALEX 2710615042372403737,-27.21683504419916,364.937,Caelum,2.7402
GALEX 2670082650021038416,-61.45338598875583,224.014,Indus,4.464
GALEX 2671560385058836309,-54.00004009446778,293.049,Phoenix,3.4124
GALEX 2676134374905218232,-46.93806297444638,211.981,Phoenix,4.7174
