col0,col1,col2
Islamic Emirat of Afghanistan,26947122.284999996,583464.954
Tsansnistria,469938.0,4150.511
Kudstan Region,5847891.584,80079.99999999999
