col0,col1,col2
ESO 119-15,15.01,0.054037
Antennae Galaxies,8.11,0.005477
MCG-02-01-024,13.802,
ESO 144-16,17.7389,
