col0,col1,col2,col3,col4,col5
TYC 2688-109-1,572.1806,7.08,31.8424952584106,314.0268416304554,-12.234
TYC 2688-206-1,516.6891,-16.62,31.0812488525964,314.3598213053018,4.846
[SPB96] 1918,417.7982,-31.16,70.7757865682759,284.6187246912506,4.108
[SPB96] 831,339.029,8.16,-24.5847727911182,81.1557609144365,-23.359
[SPB96] 798,315.7263,-10.44,-24.5447090672549,80.9558673170018,4.275
[SPB96] 835,411.1335,-28.44,-24.5859602285065,81.2037838227996,-11.917
[SPB96] 1099,1143.7722,-17.43,-12.9512493922427,97.0563796198827,0.152
[SPB96] 1122,1792.7573,43.67,-12.8272934438939,97.119381982811,-1.37
2MASS J02554136+6435215,215.9407,-9.94,64.5893879471487,43.9224200215357,-21.335
