col0,col1,col2,col3,col4
iridium-171,94,170.971645522,iridium,1
iridium-170,93,169.974922,iridium,-1
iridium-169,92,168.976281287,iridium,1
iridium-167,90,166.981671981,iridium,1
