col0,col1,col2,col3
IC 4943,33.57,301.6177042,J2000.0
IC 4926,68.87,300.0505375,J2000.0
IC 4967,57.99,304.0965716385593,J2000.0
IC 4956,73.9,302.8803559249304,J2000.0
IC 5157,61.95,330.8624583,J2000.0
IC 5105,76.18,321.0917042,J2000.0
IC 5180,82.81,332.8000792,J2000.0
IC 5350,103.28,356.8110333,J2000.0
