col0,col1,col2,col3
NAME AT 2019flt,Columba,-30.824789,20.08
NAME AT 2019fnk,Columba,-33.142566,20.749
NAME AT 2019fnx,Columba,-35.443861,21.863
MASTER OT J053123.94+120051.5,Orion,12.0148194,18.7
