col0,col1,col2,col3,col4,col5,col6,col7
V* BL Hyi,7.6464,13.254,19.512,nova-like stars,J2000.0,25.2516648622687,-67.8909636405482
V* AY Psc,1.3364,16.28,-4.552,nova-like stars,J2000.0,24.231082175351,7.2747981214826
SDSS J104325.06+563258.1,0.8298,20.13,-2.997,nova-like stars,J2000.0,160.8544950544591,56.5494367380464
2E 769,4.3646,18.3,-8.591,nova-like stars,J2000.0,51.4142855877063,-8.245212200026
