col0,col1,col2,col3
2MASS J05081968+1721481,74.47,17.3633578710963,77.0821104641988
MCG+01-22-013,206.26,4.6958916627416,129.3120981806688
UGC 12492,73.79,-1.0602689783594,349.7242289001362
Mrk 3,61,71.0375667,93.9019083
