col0,col1,col2,col3
erbium-162,0.00139,-66334.519,1
protium,0.999885,7288.97061,1
iron-57,0.02119,-60181.839,-1
tellurium-126,0.1884,-90065.348,1
