col0,col1,col2,col3,col4
SDSS J105531.25+665735.9,low-mass star,66.9599140659425,J2000.0,Ursa Major
SDSS J112656.08+570800.2,low-mass star,57.1333594174611,J2000.0,Ursa Major
2MASS J11314043+3105494,low-mass star,31.097056,J2000.0,Ursa Major
2MASS J10024782+4658113,low-mass star,46.969833,J2000.0,Ursa Major
