col0,col1,col2,col3
IM Luqi,6318.9,-38.20058028956869,6.2544983
V5<6 Puppis,,-21.010707427641123,5.5496
GEU J01393038-5400563,7377.8,-53.52949813999,
HD 17004,452.24999999999994,-2.54914028840478,5.7506
GES J00100009-5455467,10302.0,-55.09442780666999,
GES J13602121-3700257,11200.0,-36.71108177888,
