col0,col1,col2,col3
COROT-3,0.14,292.05526770115955,COROT-3b
HD 33564,0.17,80.63970420386957,HD 33564 b
Bibhā,0.14,149.02466053630127,Santamasa
Tupã,0.16,186.4427793025954,Tumearandu
XO-3,0.01,65.4696017376804,XO-3b
