col0,col1,col2,col3
190 Ismene,3.32747042870549,Hilda group,85.065585069657
1746 Brouwer,3.1281443,Hilda group,7.45334
1578 Kirkwood,2.982556,Hilda group,271.4388
153 Hilda,3.4225159368663,Hilda group,2.03738953493576
15278 Pâquet,3.1295098,Hilda group,57.35745
