col0,col1,col2,col3,col4,col5
TYC 3543-2942-1,-0.24,8551,rotating variable star,291.0869562704605,0.7778
HD 181654,-0.16,7000,rotating variable star,289.8633540828436,6.4453
[MKS2009] 114,0.07,7193,rotating variable star,300.9153239564747,0.8809
UCAC4 671-082505,0.03,7156,rotating variable star,300.8680800528841,0.6819
