col0,col1,col2,col3
CH Cygni,291.1377906751422,,50.241404896043
U Aquarii,330.8320797927716,,-16.6264667914185
Kappa Cygni,289.275702715,0.1,53.36845927083
Lambda Eridani,77.28659645083,,-8.75408078417
