col0,col1,col2,col3,col4
66 Eridani,76.6902170272827,5.12,3340000,Alpha² Canum Venaticorum variable
4 Cygni,291.5380327763305,5.15,7000000,Alpha² Canum Venaticorum variable
HD 128775,220.0802967321164,6.615,3160000,Alpha² Canum Venaticorum variable
HZ Lupi,226.6383237750265,5.977,2550000,Alpha² Canum Venaticorum variable
HD 125630,215.8836146310211,6.76,3940000,Alpha² Canum Venaticorum variable
43 Cassiopeiae,25.5855253655082,5.59,4800000,Alpha² Canum Venaticorum variable
HD 122970,211.203907511009,8.29,2410000,Alpha² Canum Venaticorum variable
