col0,col1,col2,col3,col4,col5
GUVV J164337.5+411857.6,286.829,-39.74,41.31592095826861,250.90629711921997,-6.287
GUVV J144153.9-784630.7,2896.87,36.83,-78.77520937841639,220.474916949115,-8.22
GUVV J214141.4-240148.5,603.828,17.4,-24.03174244640111,325.42289122497294,-20.222
TYC 2692-2837-1,523.478,9.24,32.0514535536772,314.2503102828181,-8.403
TYC 2692-3452-1,615.5361,-14.21,31.9251601399346,314.3047012963863,1.542
[SPB96] 2093,356.3792,11.73,31.2282935633919,314.4026201201694,-42.196
