col0,col1,col2,col3
Theta1Orionis B,242.15999999999997,NAME tet01 Ori B1,-5.4067881888
LO Hya,25.05,UCAC4 438-047129,-2.532228523614
49 Leonis,23.046,49 Leo B,8.650428729
ADS 1359,102.10199999999999,HD 10543A,57.24888000406395
