col0,col1
NGC 4631,32.5415111
NGC 3232,28.02583
ESO 204-18,-47.69
