col0,col1,col2,col3
Arp 193,199.1466796165,104.4906,Stéphane Javelle
IC 342,56.2485245664,3.38322,William Frederick Denning
NGC 1313,50.062526883,4.2415,James Dunlop
Centaurus#A,200.96233275357434,3.6929399999999997,James Dunlop
