col0,col1,col2,col3
GES J0555456-6033293,10479.0,-60.86092958445,
SDSS J234248.8+081137.3,15469000.0,8.160990096644795,1.9259404
ID 2690,,13.027328369698687,0.9955872
