col0,col1,col2
Melhora,141.846,224.325
Shhar,838.8379999999999,101.796
Na'ama,167.31,-200.2
Noga,549.8219999999999,108.346
