col0,col1,col2
Fraqk Pas,2.008,
Caimit,94.42999999999999,36481.683
Saua La Grande,14.865,52599.307
Playd.,30.089999999999996,176621.75799999997
