col0,col1,col2,col3,col4,col5
GALEX J224105.1+141810,-2.7,Pegasus,-1.642,340.2716326077387,13000
HD 4539,0,Pisces,4.231,11.8717493217338,24000
FBS 1524+405,-2.11,Boötes,-2.377,231.6354921934964,8525
FBS 1519+343,-2.43,Boötes,-4.507,230.2695928185062,8039
