col0,col1,col2
Ranandgaon,,307.614
Kanra,14.91,735.199
Rewa,102.0,307.04
Durhanpur,179.43046,244.53
Anantng,2917.0,1596.197
Singruli.,2210.9999999999995,460.222
