col0,col1,col2,col3
[FSH98] VI,288.587521,J2000.0,near-IR source
[FSH98] V,288.587521,J2000.0,near-IR source
[FSH98] c,288.588773,J2000.0,near-IR source
[FSH98] I,288.587617,J2000.0,near-IR source
[FSH98] a,288.589859,J2000.0,near-IR source
[FSH98] k,288.587816,J2000.0,near-IR source
[FSH98] e,288.588565,J2000.0,near-IR source
[FSH98] IV,288.587487,J2000.0,near-IR source
[FSH98] o,288.588861,J2000.0,near-IR source
UGPS J183827.06-074912.1,279.6127779190435,J2000.0,near-IR source
