col0,col1,col2,col3,col4
ADS 7251 B,0.65,52.6863628112122,157.8851,Ursa Major
Lalande 21185,0.393,35.969880044,392.64,Ursa Major
Proxima Centauri,0.145,-62.67949189414083,768.5004,Centaurus
Luyten 726-8,0.14,-17.950739,373.7,Cetus
