col0,col1
SDSS J162838.75+132357.5,0.01654
SDSS J160647.67+153426.2,0.04231
SDSS J102149.73+412358.8,0.09297
SDSS J143315.74+281147.9,0.05304
