col0,col1,col2,col3
U Herculis,J2000.0,6.7,246.4478015040314
IK Tauri,J2000.0,13.39,58.3703687075615
IRC+10420,J2000.0,11.66,291.7004088701805
AFGL 2591,J2000.0,6.575,307.355271
