col0,col1,col2,col3,col4
NGC 4605,61.6091917,10.1,189.9974208,[TSK2008] 261
NGC 6822,-14.7975806,8.1,296.2341625,[TSK2008] 223
Small Magellanic Cloud,-72.80028,2.2,13.15833,[TSK2008] 223
Large Magellanic Cloud,-69.75611,0.4,80.89417,[TSK2008] 223
