col0,col1,col2
Deckerich.,289.578,28.38159
Garnlch,340.356,2076.145
Bous,154.535,15.55344
eeange,289.71,3217.365
Kayl,376.35699999999997,1474.112
Burmerapge,226.67799999999997,13.383369999999998
